education,social,productivity,entertainment,health,news,shopping,age,gender_male,gender_female,total_screen_time,high_productivity
0.07682670448608449,0.49280510347876866,0.21557236565207138,0.14946332233068557,0.02777030885936367,0.027765630093240762,0.0097965650997855,0.48936170212765956,True,False,0.6011150117432088,0
0.17138747068933327,0.0028952208011471044,0.48768797887472304,0.24866731017774124,0.033224825442547186,0.027934101586709177,0.028203092427798823,0.23404255319148937,False,True,0.5247564316322378,1
0.165502398276333,0.10073562663870725,0.2769520487507179,0.04396559707366949,0.10111387782877848,0.13352789468658316,0.1782025567452108,0.9787234042553191,False,True,0.19967378215835974,1
0.12383989509415558,0.15393684556742104,0.008157983819694311,0.16042502210320422,0.03206693479087134,0.011536872279529183,0.5100364463451244,0.2765957446808511,False,True,0.38541650253991605,0
0.0034785035432095277,0.05673772071025475,0.05960367317478076,0.24847234965363577,0.20350054877371732,0.38705937101663496,0.04114783312776693,0.3404255319148936,False,True,0.18223608778806233,0
0.25555120739652903,0.10049022333629186,0.042311993171696156,0.15221489276754133,0.005774338862518223,0.335229326976552,0.10842801748887138,0.19148936170212766,False,True,0.9266588657937942,1
0.1331107983642207,0.04050119234404226,0.0865702630689294,0.07537309393695162,0.33281936032758996,0.19069230518678942,0.14093298677147667,0.9787234042553191,True,False,0.5867511656638482,1
0.587868519727826,0.163432401546988,0.05651041172951933,0.06148018214540456,0.03160806202675023,0.0027575965115908736,0.09634282631192105,0.0,False,True,0.2934881747180382,1
0.0018579888915295187,0.029049016863100335,0.1628063034450873,0.20460110855005656,0.12202852042946424,0.3416951344517653,0.13796192736899665,0.574468085106383,True,False,0.8500385777897993,0
0.13037233980599508,0.021903579659789275,0.10121006022344879,0.24140852898001836,0.2394916094660178,0.1954515597909757,0.07016232207375497,0.723404255319149,True,False,0.3829268747537898,0
0.41549993222786,0.22024815370866863,0.14907258055105171,0.03136861550495445,0.03447302709268033,0.004810013308933166,0.14452767760585172,0.5319148936170213,False,True,0.43933650186577017,1
0.03618332935977177,0.3631414438124113,0.10359981792302816,0.13305311365521394,0.19098054548561538,0.024098006121937812,0.14894374364202165,0.2978723404255319,True,False,0.2030612247347694,0
0.3356341499283479,0.1071184542907504,0.1391651815865676,0.24909485088652078,0.11481700219598782,0.04109698066683321,0.013073380444992354,0.574468085106383,False,True,0.2184404372168336,1
0.08496672820258735,0.33877363023418283,0.06183666682557371,0.020536196226575116,0.06947750769233407,0.374312579875664,0.050096690943083014,0.5531914893617021,False,True,0.0005203769953158289,0
0.11152453361793639,0.09325599145003503,0.046152675042081676,0.1959276709186161,0.17014557747848066,0.3024672660952094,0.08052628539764066,0.48936170212765956,True,False,0.16829104217293056,0
0.07226992121230912,0.23906973363623849,0.15141420086011398,0.019640621629916945,0.08574686249283664,0.08299783887452465,0.34886082129406004,0.0425531914893617,True,False,0.1480869299533999,0
0.501412377016886,0.02553812492107399,0.309085140227059,0.04356817243960798,0.002765991424564616,0.034831105446168846,0.08279908852463938,0.02127659574468085,True,False,0.489452760277563,1
0.46623273132463144,0.030446007875921638,0.12250641745842386,0.15752109303775635,0.029807564485252232,0.14311472629697194,0.05037145952104256,0.7021276595744681,False,True,0.39882444244455306,1
0.2199106695300585,0.20771990621714936,0.02119278845127581,0.0920653404424123,0.1543906609312834,0.25354764540647906,0.05117298902134163,0.7446808510638298,True,False,0.7111495324380179,0
0.2056036767941103,0.05316239184405231,0.012538924496321047,0.34994604438286586,0.06284106150402873,0.09043184720884873,0.22547605376977298,0.2127659574468085,False,True,0.7352161192407721,0
0.031653678383552805,0.1052228240145663,0.1606003421728525,0.03501888937031247,0.025954398855943715,0.5434387553596698,0.09811111184310248,0.02127659574468085,True,False,0.0931027678058992,1
0.2275864138048499,0.23075256479804693,0.10029964473049444,0.04141813475106036,0.042970750808854666,0.12948869831908125,0.2274837927876124,0.48936170212765956,False,True,0.7798755458576239,1
0.22195530020405282,0.018989420236204882,0.03808919306427477,0.494382946447443,0.20146969678513235,0.001996260186909228,0.02311718307598288,0.723404255319149,True,False,0.005061583846218687,0
0.03524671864104334,0.15997266378678648,0.23669570482938063,0.21219334221845984,0.05105585862610512,0.25038740798153464,0.05444830391669,0.425531914893617,False,True,0.7464914051180241,0
0.18343156307235867,0.33090496332050173,0.1874611895238897,0.1469245684078652,0.017202745982631412,0.08017745925964459,0.05389751043310862,0.9574468085106383,False,True,0.9730105547524456,0
0.06620114763516621,0.2950963140995172,0.1322113214750291,0.20995930014868958,0.09258786072445557,0.11402629869099719,0.08991775722614531,0.0851063829787234,False,True,0.7224521152615053,0
0.03312917484795675,0.0024744529938634987,0.10423628419434353,0.019594756653732892,0.283575772541451,0.3093571132755937,0.24763244549305857,0.723404255319149,False,True,0.015456616528867428,1
0.20815264032225864,0.044144732547192665,0.26859720903084894,0.2617175676305042,0.15143449739945014,0.027546201218314154,0.03840715185143148,0.46808510638297873,True,False,0.31692200515627766,1
0.0271421386881537,0.11892486997107025,0.40209210280533114,0.174035076140551,0.12336412235288512,0.014940300362116648,0.13950138967989226,0.44680851063829785,True,False,0.14008401523652403,1
0.09900249610762275,0.2844200180342805,0.1829673043029753,0.16183039726658624,0.1642987846218913,0.06037664085958146,0.04710435880706231,0.5319148936170213,True,False,0.25620694359445806,0
0.3353465792896762,0.030188693783633865,0.0018437376577491863,0.35062616505274646,0.07661439694313271,0.02609820864790305,0.1792822186251587,0.2765957446808511,False,True,0.8866171489506599,0
0.003911625474092372,0.12079077044723575,0.0806058214565202,0.15571216900711268,0.05555194067689989,0.02353067829200603,0.5598969946461332,0.44680851063829785,False,True,0.8604046183116751,0
0.07326817191842859,0.010076036536261325,0.09192336922748678,0.1959313209796816,0.10060843111957225,0.44759575759195713,0.08059691262661235,0.9148936170212766,True,False,0.45726516161372854,0
0.24356304855418234,0.028528860195910204,0.06994578555414271,0.15869863083237318,0.019654679250540118,0.01879845668439644,0.46081053892845486,0.8723404255319149,False,True,0.04106751676787579,1
0.1422993734003833,0.15892477546579403,0.38108078341923896,0.08076907109777852,0.056977066801590905,0.02358248449789607,0.15636644531731825,0.23404255319148937,True,False,0.05819359550844361,1
0.33479065566980065,0.07923704003427146,0.037195829442983046,0.013374159770807172,0.027399541999598938,0.3700420604023825,0.13796071268015633,0.8085106382978723,False,True,0.5543540525114007,1
0.2508829555306361,0.14427635436658412,0.07549087311857887,0.1166897351647397,0.3760953414944796,0.0038448244505703676,0.03271991587441116,0.0851063829787234,True,False,0.04072880231897014,1
0.3578975619589814,0.22504853012740753,0.11893841298300842,0.019050756026579595,0.12518030753352202,0.11869152616579574,0.035192905204705256,0.6170212765957447,True,False,0.39850473439737344,1
0.15672419887356617,0.16514292714212336,0.007594781767487544,0.0768915095568894,0.16104929904355203,0.11457773341505242,0.3180195502013292,0.0851063829787234,True,False,0.1629344270814297,0
0.011851154060574654,0.1665380123409243,0.004351174078587906,0.1427252779438177,0.4562259763105428,0.1387472360633457,0.07956116920220688,0.6808510638297872,True,False,0.811204176736003,0
0.27422745462557024,0.1569279638422269,0.2740383762604392,0.16821637528076544,0.0369498266248792,0.05109204404899671,0.03854795931712225,0.9574468085106383,False,True,0.03896313231023362,1
0.20106936657081045,0.085670238406728,0.22263957803402407,0.10163678123912065,0.2389636006215545,0.08695517678682674,0.06306525834093556,0.1276595744680851,False,True,0.6928903586919394,1
0.05013087927219773,0.3229913701546301,0.004679691352351262,0.06335525055328317,0.40141928748243066,0.09295176083095956,0.06447176035414745,0.48936170212765956,False,True,0.5759245752580846,0
0.22978688182546875,0.023863388793318275,0.05025684304060486,0.15176353947973878,0.35255868643501176,0.14415356528630144,0.047617095139556004,0.2553191489361702,True,False,0.7545428740846823,1
0.013554136915691933,0.28997419185270285,0.08763657761896886,0.21810310938579494,0.048037761580649,0.28129964954816605,0.06139457309802632,0.23404255319148937,True,False,0.9053819764192638,0
0.01071770111618384,0.04306687261908163,0.3355492231643004,0.3367782556693309,0.09539194647083979,0.1118765321690244,0.06661946879123908,0.723404255319149,False,True,0.32866454536991596,0
0.17237440757470607,0.21553493168926857,0.24214910505590345,0.24070312627563,0.01476754795701546,0.10531704002295554,0.009153841424520703,0.6382978723404256,False,True,0.441530501373377,0
0.4048867300811773,0.08002705475725803,0.023054233896213507,0.028572481656886563,0.2654221408158262,0.17829708418257925,0.019740274610059123,0.1276595744680851,False,True,0.7009691314591199,1
0.009462742067519287,0.2160931009876965,0.1534408566929954,0.010627973552735634,0.011104594418257443,0.5405451365140334,0.058725595766762284,0.0,False,True,0.8127995672575026,0
0.2560930214855516,0.37156426913779594,0.12185056919487289,0.04108583406445858,0.0075895732592032835,0.13067173273518448,0.07114500012293319,0.5531914893617021,False,True,0.9063543850947359,0
0.06737452022697542,0.38780009810009086,0.006526303252449507,0.36142260857093383,0.03312161182261005,0.07229602246653574,0.07145883556040458,0.851063829787234,True,False,0.7460448792654233,0
0.08305390243762995,0.31063573687753704,0.044564297664016116,0.031917030456946646,0.19251599409530862,0.024007038641607883,0.31330599982695373,0.9148936170212766,True,False,0.9698788267076389,0
0.0035763969120288694,0.17977405662109847,0.06080849720382789,0.4018129849259254,0.006214363807441889,0.0654263378460747,0.28238736268360276,0.3617021276595745,True,False,0.6293986381352625,0
0.18732360063787154,0.09542139297178862,0.15548742737482374,0.13819424326908655,0.36432470293059666,0.007322199696597364,0.05192643311923531,0.6595744680851063,False,True,0.8902637838909162,1
0.15036567027354744,0.2393124280939671,0.0803219278916252,0.05152598828363894,0.15404543671672055,0.10778545189350311,0.21664309684699765,0.574468085106383,True,False,0.9743948076661666,0
0.4447120434607772,0.1243513563435255,0.07973493193971158,0.03844941750502291,0.17449652612524794,0.11983202061737923,0.018423704008335862,0.9574468085106383,True,False,0.822537242923169,1
0.28403121845265816,0.12281284558548082,0.09022994805464314,0.05142843256490188,0.2562408002710589,0.19086367090395523,0.004393084167301914,0.6808510638297872,False,True,0.8105533307818328,1
0.3336526887357428,0.012462220058101782,0.06893760092258261,0.0366561850339857,0.2678615931158697,0.14112168430198196,0.13930802783173557,0.7021276595744681,True,False,0.41481950233766524,1
0.017050506365283352,0.003097756812186172,0.10679231329491654,0.08947916402009964,0.4362842262531152,0.30401957474229424,0.0432764585121046,0.7659574468085106,True,False,0.9447657298824281,1
0.2636122810311354,0.03953302745401996,0.08331245378760764,0.019240633965260923,0.4285395879434389,0.12964435644290603,0.03611765937563121,0.8297872340425532,False,True,0.04689646779121993,1
0.05674225419114495,0.0040684256967989055,0.12503565719113385,0.11727066565935639,0.3228073867120983,0.06670790297914074,0.3073677075703269,0.9148936170212766,True,False,0.08840822336564656,1
0.19989227667820808,0.11355211202292978,0.08330404525918089,0.06950142512756885,0.19559134722687113,0.1299053501490853,0.20825344353615585,0.8085106382978723,False,True,0.617263712097292,1
0.4432726707313427,0.1055084660588456,0.11403002958061093,0.09115286501394641,0.010746915906186068,0.14598543535294192,0.08930361735612657,0.6808510638297872,False,True,0.910471278403273,1
0.04530176672760323,0.0949541208487672,0.15317380626985092,0.20385949597189437,0.0787517867631343,0.23635873037196775,0.1876002930467822,0.40425531914893614,False,True,0.04586126640463295,0
0.22537168228738616,0.09919621300301128,0.054529186678033456,0.20142413793915462,0.09712200632045623,0.17909626759920222,0.14326050617275612,0.3191489361702128,True,False,0.40030048891028136,0
0.12550002601587007,0.02082871484194212,0.12509615056552761,0.055651409920966344,0.21758952343457266,0.07596687981587212,0.37936729540524905,0.3829787234042553,True,False,0.16893506307216455,1
0.15971991407366373,0.09528557959350174,0.0454319849837198,0.06287890268321221,0.30209240238532764,0.11303089877000379,0.22156031751057115,0.2765957446808511,False,True,0.6903948286293652,1
0.005428246289825866,0.2174364211031378,0.13380457152878195,0.011544599794712597,0.279918716750248,0.34333740583247324,0.008530038700820478,0.5319148936170213,False,True,0.8062012797930613,0
0.31585937251279045,0.04670934889820128,0.053789590129192294,0.10597328248180954,0.15174327270825438,0.2205180399728367,0.10540709329691532,0.48936170212765956,False,True,0.7474709381337565,1
0.006891261501405172,0.05364629276490949,0.23039590718270536,0.4159446237094414,0.13216810538498353,0.14005092168592348,0.02090288777063165,0.7872340425531915,True,False,0.3971638325040825,0
0.021403227099435398,0.2583298995231026,0.038878649756056906,0.16035854960511303,0.3549054976475638,0.018051539807118062,0.1480726365616101,0.5106382978723404,True,False,0.34292686427826025,0
0.11058668449493507,0.07551514133005018,0.18014568630082275,0.11243317032957939,0.15106751680163244,0.22980354964441865,0.1404482510985616,0.8297872340425532,True,False,0.5644585425226413,1
0.08666687732020936,0.07494212595227273,0.4185472278749194,0.17028316189005335,0.051007270151408594,0.12555126516359874,0.07300207164753791,0.6808510638297872,True,False,0.10178247262040374,1
0.04574195302730648,0.07784314638917085,0.04829987310801184,0.05693792837125889,0.09253978508729202,0.052501469759697626,0.6261358442572623,0.0425531914893617,True,False,0.018242481428361046,0
0.07275453838944412,0.35942730292809466,0.13828533054585596,0.05228658702741395,0.15196261076929135,0.00032383491712226686,0.22495979542277772,0.6170212765957447,False,True,0.7228960966217758,0
0.1737770089999577,0.1280866807322365,0.07738904889731227,0.06542893032155528,0.18430365910558674,0.023193640145263855,0.3478210317980875,0.06382978723404255,True,False,0.19950692733831976,1
0.16132778277282006,0.09135386515828003,0.14869329251661872,0.17674040475679773,0.011056326506181633,0.08539193283863737,0.3254363954506645,0.2553191489361702,True,False,0.5938830975578988,1
0.11160259736748873,0.14667406088801904,0.1926362714270819,0.19280740905684646,0.05456654035715247,0.27943916518175876,0.022273955721652722,0.7659574468085106,True,False,0.7602278598896866,0
0.08804040415805935,0.0620215008795525,0.05160782834899306,0.041717695915558344,0.25791925005975325,0.17264978981193227,0.32604353082615134,0.2765957446808511,True,False,0.7308674752036443,1
0.384010091792742,0.027559777973923828,0.009484080881145109,0.1862616310728314,0.11776513232721138,0.2541679416949961,0.020751344257150174,0.851063829787234,True,False,0.20162732004774453,1
0.027839353718653474,0.027952984949302685,0.2624969034940052,0.1704510904314191,0.11533203808524843,0.06923595892922155,0.3266916703921497,0.5106382978723404,False,True,0.8165994394715771,1
0.1323034180634012,0.1082449502039359,0.14211534008584814,0.0820543955157885,0.3149926624217844,0.15983322707569203,0.0604560066335498,0.6808510638297872,True,False,0.38389122137321147,1
0.09266740140918149,0.2799693142409764,0.1156506764026942,0.014688475312594743,0.33209026541444747,0.11674688030414217,0.04818698691596366,0.2978723404255319,True,False,0.6200727559285135,0
0.11302054594676064,0.33254821441757065,0.23036412296226885,0.0243842613928286,0.05537706726902538,0.04234778251724314,0.20195800549430257,0.06382978723404255,False,True,0.7140640822236141,0
0.13687357801216518,0.28231615103752555,0.02182275119428421,0.1545009643431314,0.09567275624938607,0.12270046725241067,0.1861133319110969,0.2978723404255319,True,False,0.5398606371128367,0
0.11713571418182833,0.0924569531746288,0.25984200472269386,0.002158734518119626,0.16041844118340107,0.146559219290814,0.2214289329285144,0.5531914893617021,True,False,0.8267988278090783,1
0.39229570528042546,0.05147300287349661,0.03165979151376755,0.06762637835088416,0.041681731502892415,0.11714617966914967,0.2981172108093841,0.8297872340425532,False,True,0.10079460301588648,1
0.04419261630002373,0.1935122932369608,0.13431808617281046,0.01611218463009678,0.37511158688093954,0.2332726722221895,0.0034805605569791973,0.8723404255319149,True,False,0.5762883601668132,0
0.10533345122756724,0.06229055609349023,0.15051221243913476,0.3074237831738225,0.2932245516379612,0.06765077033628827,0.013564675091735728,0.425531914893617,False,True,0.8388980864459341,0
0.0192947653978139,0.3675475155347671,0.29554187286891237,0.10601232210654728,0.12965690173206426,0.0737853121737087,0.008161310186186328,0.1702127659574468,False,True,0.8028534485980114,0
0.0009167804253455512,0.08011368897832907,0.10026764353671865,0.15222126565637323,0.4983831766681113,0.08395696353733104,0.08414048119779105,0.7021276595744681,True,False,0.4522179408898071,0
0.05192966740794861,0.1229499882434792,0.030992536305826428,0.03961430858003013,0.1408338243197417,0.11082281315812992,0.502856861984844,0.5957446808510638,True,False,0.2775871726294181,0
0.02986997470352872,0.028732725105102046,0.08699123465008157,0.44588433779018094,0.0738158735938626,0.09791499757105031,0.2367908565861938,0.8297872340425532,True,False,0.299595911766477,0
0.0729636880693336,0.09959319628658264,0.10945395325658829,0.316333739355694,0.08454198448781867,0.12421425829433698,0.19289918024964564,0.5957446808510638,False,True,0.8365648132923329,0
0.16570194487792955,0.06516550523130706,0.23430358731755585,0.14036654837192766,0.14308359716733524,0.12277289668876865,0.12860592034517604,0.06382978723404255,True,False,0.3343628113104822,1
0.007626453596096773,0.13594126443418905,0.03087938414877432,0.2212199670436243,0.07264204008865449,0.15671373731324711,0.37497715337541404,0.6595744680851063,False,True,0.8669937600115234,0
0.1357959941366283,0.20784109625593458,0.0758685035537636,0.05654816181408001,0.18242409451864575,0.23417178193543653,0.10735036778551116,0.7659574468085106,True,False,0.887460482513503,0
0.0578331539757733,0.09069774584875541,0.11632441392205853,0.31885990215976084,0.0657066623401783,0.11688718778811406,0.23369093396535973,0.7659574468085106,False,True,0.20498429541582094,0
0.10923084515838563,0.7136307695958244,0.004120456180072653,0.02814323296620787,0.0733750778551028,0.008466392375152976,0.0630332258692538,0.7446808510638298,True,False,0.4214245505924979,0
0.3524136739521127,0.2685417903638662,0.06604574501601654,0.04742185202052339,0.0754040712462486,0.14089797345398541,0.04927489394724723,0.0851063829787234,True,False,0.4094116521912404,1
0.09661804776876157,0.06892937691028246,0.04196456496282746,0.356755039448027,0.17351945844978567,0.01816152606705363,0.2440519863932624,0.9574468085106383,True,False,0.7998552559473153,0
0.17740098080843159,0.007280349746722643,0.10024054275931157,0.24990822350715036,0.32154358959786833,0.09554860548834185,0.04807770809217369,0.8936170212765957,False,True,0.9844021807035521,1
0.15829351286002424,0.03997261161655843,0.0674596477072864,0.0039391980749691234,0.5214001326767441,0.026587104847045254,0.18234779221737246,0.7872340425531915,False,True,0.5541780025157934,1
0.13890408504268936,0.23334651140227247,0.03047283603497006,0.001457293364334408,0.019402242049421925,0.30350870287680426,0.2729083292295075,0.8297872340425532,False,True,0.6005168604336534,0
0.19705830002285793,0.034740780848612,0.4428960748608365,0.09776207898168533,0.08704216278373696,0.1318335761683854,0.008667026333885894,0.8936170212765957,True,False,0.08279866792512647,1
0.22535027967946328,0.06863877839559622,0.1202439717596509,0.0830619805420802,0.10717608154663241,0.3095606065241552,0.08596830155242188,0.723404255319149,False,True,0.47605040219909966,1
0.16380046844908244,0.41517684465921206,0.19826012422081196,0.03637719962784093,0.004762144178100139,0.04572325618382045,0.13589996268113194,0.8936170212765957,True,False,0.4963662472012364,0
0.18290914725013435,0.08191425524188299,0.29671455320200496,0.02269558128389028,0.015727292416137104,0.26228375463458325,0.13775541597136728,0.8936170212765957,False,True,0.4348273386037462,1
0.043905390666672234,0.265363985770486,0.24933153388560275,0.1841364042233103,0.049299719870573334,0.1384630281997835,0.06949993738357199,0.9148936170212766,True,False,0.9173135754622428,0
0.018154454429795557,0.37023111984089707,0.07287437276872141,0.025261708933930087,0.09632700274069239,0.2545714635346849,0.16257987775127855,0.425531914893617,True,False,0.6587833667107174,0
0.10196144636083519,0.16366482562902226,0.024850249142915806,0.05815626186116275,0.02162964429042609,0.38027748929101074,0.2494600834246273,0.9787234042553191,False,True,0.7055751725156885,0
0.33745812946518033,0.025912309529950717,0.10919094779664135,0.32149092239155486,0.004493509816462354,0.15553806838553663,0.045916112614673855,1.0,False,True,0.9710582451653678,1
0.3020081132464569,0.06724547308130853,0.2071994865173463,0.19471157637905578,0.040203315963445105,0.18468746293087218,0.003944571881515101,0.6382978723404256,False,True,0.23000883728770305,1
0.036170096345987106,0.022543455877661933,0.3354907786915356,0.1169259258104739,0.3632096054597832,0.019028463264766097,0.10663167454979233,0.06382978723404255,True,False,0.6616551750805416,1
0.12723533668583242,0.06978426063093789,0.05289040511644032,0.19888928964738206,0.051359069208946576,0.05890027943425701,0.44094135927620387,0.2553191489361702,True,False,0.38396388991972574,0
0.7454789698668579,0.020068420113077776,0.002634425451178155,0.014960210731021727,0.02562674960056197,0.010592690037731266,0.18063853419957127,0.3191489361702128,False,True,0.2716869710690041,1
0.13712867882807095,0.025963883995679067,0.1106885220309822,0.19955656743527223,0.3557374420097105,0.0009048701564139155,0.1700200355438711,0.6170212765957447,False,True,0.2963081204559901,1
0.038511195477179155,0.006224754819662685,0.0026105749920516137,0.6368776572026044,0.08079987815679898,0.07020724418638981,0.1647686951653135,0.23404255319148937,True,False,0.9499611839502253,0
0.17605560756646474,0.01068425938068016,0.061662501496102515,0.24102448901492218,0.3302981997000543,0.07186299129873733,0.10841195154303891,0.5106382978723404,True,False,0.9911686261369765,0
0.04194133220399975,0.4551621639722492,0.16691554691561508,0.14893338401568726,0.1144031649415332,0.041733941747353995,0.030910466203561467,0.5319148936170213,True,False,0.18643826214425452,0
0.09731336043920034,0.027733472788800045,0.003834192893494646,0.22375190454687646,0.13850280472083293,0.16909073070793335,0.3397735339028622,0.8723404255319149,True,False,0.7582384757040913,0
0.227854269962949,0.03197642877072013,0.32374125844992413,0.048634611548162364,0.048480977080963106,0.14733146590089505,0.17198098828638617,0.2765957446808511,True,False,0.09148683739775487,1
0.18258205968031666,0.02684832521736815,0.012063394168849072,0.19098643070174157,0.27097598367020004,0.17232825595608367,0.14421555060544075,0.8297872340425532,True,False,0.5508573706091393,0
0.02647175365401266,0.15271765588866704,0.13564213478525136,0.0874895064366842,0.3738586637674383,0.19923503713475452,0.02458524833319183,1.0,True,False,0.8944799309680674,0
0.39703553012030857,0.005290474892586228,0.1787180129013843,0.06048150148287041,0.19747991133055323,0.07058143061947217,0.09041313865282495,0.8297872340425532,True,False,0.8644928803073486,1
0.2585474951103127,0.14384976855544576,0.39568978989770487,0.05495749500644294,0.033432066274977724,0.03414239399108131,0.07938099116403474,0.9361702127659575,True,False,0.9300903505097385,1
0.01159515519536499,0.12444857596818855,0.021742526412735805,0.22119784992415814,0.3371153138738584,0.06492554643229244,0.21897503219340167,0.8723404255319149,False,True,0.8199469174081,0
0.04812589833402652,0.44377332063146024,0.00020778337072699122,0.15060663162426893,0.26200444511350546,0.05549609722540065,0.03978582370061121,0.2553191489361702,False,True,0.326433576503293,0
0.2277172600021713,0.034165242917545434,0.13117592771324452,0.0025290080562587075,0.47381422150594577,0.03814974123634058,0.09244859856849368,0.1276595744680851,False,True,0.4322407838925123,1
0.2564310779485959,0.0696318091613407,0.027671794210922047,0.195987140239221,0.21749684349739265,0.026696053072597245,0.20608528186993047,0.06382978723404255,True,False,0.16637758693227234,1
0.14711202118124148,0.12305829325817744,0.0640406043447505,0.005955042787449665,0.0077481423170743646,0.19096562859857366,0.4611202675127329,0.9787234042553191,True,False,0.44595830701032146,1
0.16312569364061688,0.14114397912291077,0.07568518484524184,0.010617132116547488,0.2695377577906096,0.0727244351278815,0.26716581735619205,0.2127659574468085,False,True,0.0010294798456333965,1
0.021048500808130335,0.07686921014940418,0.351173538114911,0.013109036290304086,0.23415941762864093,0.0910463866269429,0.21259391038166658,0.2127659574468085,False,True,0.8399471646724718,1
0.17315949254940388,0.030545953649105177,0.016450795849707805,0.236643244338806,0.38595153984879116,0.00371582132058396,0.1535331524436019,0.9787234042553191,False,True,0.8573600920924987,0
0.3807260667953289,0.16277996906567604,0.06658623588725858,0.042635746313792376,0.04410203235441473,0.14697285405409408,0.15619709552943523,0.723404255319149,False,True,0.868122813490531,1
0.3137158930067134,0.20679028737621077,0.1594261907247984,0.1958741257172856,0.04335926438744895,0.05693903952527144,0.023895199262271627,0.14893617021276595,True,False,0.45369363460528267,1
0.08611584754143921,0.002053642195772121,0.18157506906493365,0.039695399742345185,0.2767182238738793,0.39046855105465084,0.023373266526979675,0.2978723404255319,True,False,0.0012318351664258773,1
0.20572244813849286,0.21082156963566023,0.0641463137603785,0.1843548522071721,0.05764660902886597,0.039546071902296025,0.23776213532713433,0.02127659574468085,False,True,0.4332467489716556,0
0.36009847010031854,0.014034147225184767,0.05411285385456988,0.09881784151380804,0.04360534050964956,0.31848522290772974,0.11084612388873942,0.2127659574468085,True,False,0.7570592676112233,1
0.3308999926233602,0.258630637997684,0.13977228895580857,0.1500305037900472,0.0171118240273509,0.011767273676708483,0.09178747892904063,0.2978723404255319,False,True,0.4823563815515915,1
0.029627307858352114,0.05327600936682548,0.18758023003693042,0.3555618425800685,0.009430487041774604,0.09585637950985952,0.2686677436061894,0.6170212765957447,True,False,0.8245140468968338,0
0.05681303328505769,0.04987141422849895,0.48656152503511724,0.028764334492816564,0.15157658022220594,0.2210179155559107,0.0053951971803928665,0.9148936170212766,True,False,0.951549974355327,1
0.015979188025428106,0.27292427103224454,0.10882263756676457,0.11549325139274971,0.11434853839089837,0.04276847514209859,0.3296636384498161,0.14893617021276595,False,True,0.6253046602139478,0
0.20485469167145853,0.1268671878578117,0.08870398149795704,0.1447854689673314,0.10782333345692043,0.1218570103090126,0.20510832623950825,0.0425531914893617,True,False,0.5264026609361132,1
0.3115369819703461,0.020170420744972092,0.014745003807526825,0.06722940422565235,0.04117027696458249,0.48653408628156564,0.05861382600535442,0.9574468085106383,False,True,0.7442790655949557,1
0.47466230023348127,0.13136090898751182,0.01031463804343499,0.040743886704930614,0.0048708354422730285,0.24471973124692095,0.0933276993414474,0.851063829787234,True,False,0.650325686346937,1
0.05041442613839117,0.25825330240506217,0.016973960595247424,0.0070516927159799654,0.06749475582336839,0.14067437866355834,0.45913748365839235,0.6382978723404256,False,True,0.742706521199981,0
0.06327362781972584,0.04846736497611054,0.05293534173087919,0.5016356952392192,0.004673311523754926,0.23033842244943303,0.09867623626087733,0.7446808510638298,False,True,0.7252576604151365,0
0.07211296869273932,0.22351992312658606,0.24976844374045112,0.05922937540947965,0.03504976158327266,0.0970411458465359,0.26327838160093536,0.23404255319148937,True,False,0.6229665835634828,1
0.15162533692032049,0.2005917592040399,0.02142172749596038,0.19106047224338446,0.36403839143658534,0.03007738353121547,0.04118492916849394,0.2765957446808511,False,True,0.18097695270948977,0
0.28791270033842004,0.10128414691746074,0.04243656255981065,0.30572671846644855,0.08806238420590301,0.10806942618381332,0.06650806132814382,0.02127659574468085,True,False,0.1635238725850228,0
0.06731355067082109,0.4731843503301499,0.04051613495911515,0.1450911758975537,0.053371500772503085,0.2014900103612641,0.01903327700859309,0.9361702127659575,True,False,0.4537895413836393,0
0.06722599701604609,0.01905965448807782,0.04644910460184412,0.18313652232971003,0.10261288074322235,0.4407794900686212,0.1407363507524785,0.40425531914893614,False,True,0.61714498660403,0
0.2611668183632895,0.038908614654144566,0.03905620960064364,0.007953376804945188,0.28384020925216047,0.23205324053761528,0.1370215307872013,0.9148936170212766,False,True,0.5853543643967521,1
0.3235338482701761,0.03678591700134483,0.01894475020043199,0.05017666144830673,0.00938213022518295,0.12090781873030217,0.4402688741242553,0.5957446808510638,True,False,0.1221099140100268,1
0.06744411388208969,0.3043853799081364,0.042586654685484546,0.07930921760100289,0.004758371825610507,0.017994075316992954,0.483522186780683,0.48936170212765956,True,False,0.004939980934409626,0
0.33043207078420994,0.1110515770022397,0.2205685101966303,0.06608250356520765,0.07897706951091393,0.07312048672977497,0.11976778221102362,0.40425531914893614,True,False,0.029973589872677963,1
0.04810615733944755,0.15941344149147466,0.029467811864618682,0.14626773695952894,0.45792123876092683,0.012887764099989544,0.14593584948401367,0.6595744680851063,False,True,0.8681422543775054,0
0.02193742442361455,0.13272751887921996,0.20486712355358133,0.32554157623197294,0.1293461681228834,0.07735240006474269,0.10822778872398534,0.14893617021276595,True,False,0.5706097466388297,0
0.004523924178364999,0.3918561586936326,0.17147538803626244,0.16545586705104018,0.03561457721088721,0.15767702738490502,0.07339705744490756,0.0851063829787234,True,False,0.10659303030799071,0
0.06524882236310374,0.45274324846010583,0.003006212661638853,0.2299611964971597,0.031782377355126165,0.12447760375360982,0.09278053890925604,0.2553191489361702,True,False,0.7384492092513265,0
0.23932759796363784,0.05878258965567612,0.044966457467274505,0.1250466787558736,0.18727066887322086,0.16311338697412706,0.18149262031018995,0.3829787234042553,True,False,0.8178342161750216,1
0.036988119160945764,0.22710125167380724,0.0016679634805580022,0.11333730438259801,0.13182266801077802,0.1456949055720017,0.3433877877193113,0.5957446808510638,True,False,0.5964854749854216,0
0.16056767150797366,0.11961478273515497,0.0030070863145040846,0.18000109326200484,0.03753995398469179,0.20938376975047143,0.2898856424451993,0.1702127659574468,True,False,0.5423636649797383,0
0.3006031802555579,0.18661708958498932,0.24401560441051545,0.16698000253111706,0.011456771467864234,0.0160282228323574,0.07429912891759861,0.2978723404255319,False,True,0.4766954750411591,1
0.07207312118637711,0.11457561318940687,0.19745506794709336,0.18065625929809243,0.10585701070103992,0.24837692556757676,0.08100600211041349,0.3191489361702128,True,False,0.07128027005516392,0
0.523864679853607,0.18006294235255793,0.08097095953923888,0.037185809246540344,0.11047016661436043,0.03663917333648503,0.03080626905721065,0.06382978723404255,False,True,0.5230847245817847,1
0.15272130781095955,0.3654509823562163,0.10464299949280917,0.11977516767018016,0.012931607124826185,0.17415053383028056,0.07032740171472816,0.2553191489361702,False,True,0.8231740155956602,0
0.1124704225209722,0.02000957823367621,0.2985331389148899,0.24472810907879797,0.031049819230994747,0.053249281854547706,0.23995965016612122,0.8723404255319149,False,True,0.9629268752375798,1
0.08166348701559728,0.20266796488729502,0.09874874111808483,0.005485242220811966,0.12393546206569926,0.3737569330261152,0.11374216966639634,0.425531914893617,False,True,0.5935385691231472,0
0.1997135116234678,0.13159223265196604,0.024302257663621055,0.05661264008304756,0.29898174869208455,0.18589849429774796,0.10289911498806492,0.5531914893617021,True,False,0.30206050183479505,1
0.1613138029104162,0.23340169616049028,0.1363655605878138,0.20317324358491223,0.178299046705316,0.019869466595164375,0.06757718345588705,0.0851063829787234,True,False,0.2352355848019848,0
0.451629649658133,0.1421454874470008,0.17014584600896562,0.043632048249419034,0.08310115803889871,0.05808899389398966,0.05125681670359297,0.2127659574468085,False,True,0.2568838476457148,1
0.2406674699104724,0.014500198717454454,0.03680574385150648,0.07726421536996518,0.21881360923026444,0.2711946220774975,0.14075414084283963,0.8085106382978723,True,False,0.6924361513243696,1
0.6283850849149982,0.018219972984930864,0.014576343101492558,0.17085041239599633,0.11451177979882586,0.04248467147092068,0.010971735332835547,0.8297872340425532,True,False,0.8941908746641183,1
0.0980271480768076,0.1797531440152765,0.11827541555838413,0.2017792084347653,0.03310903979230274,0.33684178939711296,0.03221425472535087,0.0851063829787234,False,True,0.23371208191043305,0
0.11738805767510928,0.32060975581552714,0.1590760002625593,0.11508746539745908,0.0592652363723826,0.06121709052163576,0.16735639395532692,0.46808510638297873,False,True,0.6618391898493786,0
0.1166357599810197,0.1875058554778648,0.08946463823765854,0.008866351083659421,0.11810218430258056,0.4518743476096995,0.027550863307517617,0.6382978723404256,True,False,0.20093368865905648,1
0.12820931767738047,0.016984528898175946,0.09998023278226405,0.23574773755355694,0.07133851767821675,0.1826439187011004,0.26509574670930536,0.3191489361702128,False,True,0.23464208185545354,0
0.04416388942058498,0.014328772852919775,0.4237712799895681,0.22678770733945935,0.0672775139701908,0.15989989754546843,0.0637709388818085,0.10638297872340426,False,True,0.0891244321160166,1
0.21829180236370505,0.021189812280911626,0.271249888574349,0.23624822825210776,0.19130057175420234,0.00571167890490437,0.056008017869819786,0.9361702127659575,False,True,0.3809095255109872,1
0.05058752096399903,0.03250749787421696,0.08481473748930979,0.2075910509846847,0.03903979679704876,0.3395990521881896,0.24586034370255114,0.10638297872340426,True,False,0.7862759567570946,0
0.16586353324218714,0.16224266153426228,0.09625590782676476,0.13496120431326122,0.09822124121756819,0.15058157409186787,0.19187387777408865,0.6170212765957447,False,True,0.5324811925594262,0
0.32307351163916603,0.038501680285806625,0.06022218292310025,0.4317047082582423,0.09843112681484842,0.005854485793220966,0.04221230428561553,0.723404255319149,False,True,0.9573228878945872,0
0.13058052620835825,0.4141190805305405,0.1313449585006285,0.10014243595038766,0.05776394034980443,0.14305111693496103,0.022997941525319615,0.3191489361702128,False,True,0.8293324051412836,0
0.04921398864711113,0.39332524025883514,0.22467602121228555,0.14138354086640212,0.0167255870749769,0.08380163025387931,0.09087399168650995,0.2978723404255319,False,True,0.07996539435930194,0
0.1560507182651648,0.013545771368660557,0.09389183024990078,0.2868336331402975,0.21735105767386148,0.033866098924436906,0.19846089037767817,0.6595744680851063,True,False,0.01768780961325721,0
0.24218780365276563,0.11911625810907113,0.1282239171486958,0.21815289878199048,0.05588807865881308,0.06245602450133439,0.17397501914732963,0.6382978723404256,False,True,0.29735504823683895,1
0.1394774562686846,0.046383573141714866,0.019224924946031875,0.37835877007055807,0.07644519152533413,0.048515208345085416,0.2915948757025912,0.6808510638297872,False,True,0.6331896260134641,0
0.04994927300770187,0.050886309451591366,0.047943210974766885,0.03667665047220708,0.20490669967699643,0.36203330504913933,0.24760455136759704,0.7659574468085106,False,True,0.4047984290851998,1
0.15373593059040278,0.06333469595800469,0.10796685512071938,0.0951603434139372,0.028191742316056794,0.07089412199455586,0.48071631060632325,0.02127659574468085,False,True,0.4813441516353236,1
0.006643567848751414,0.10314009541748163,0.4896666773800292,0.0505557511482832,0.26273663370302924,0.08307657099321668,0.004180703509208499,0.9361702127659575,True,False,0.1988562777752959,1
0.022849045557720802,0.014902992194416938,0.15880827844276568,0.10571059892785026,0.3552994512328217,0.2366406846957883,0.10578894894863629,0.5319148936170213,False,True,0.15004866469398426,1
0.07135861172640552,0.24302774141388325,0.11748175302581723,0.08569409803128773,0.09119022422652587,0.11182195743360332,0.2794256141424771,0.2553191489361702,True,False,0.9553346865039282,0
0.2648715158639259,0.06492063647845883,0.19962620475286838,0.09860620142082015,0.05035766201807406,0.3149045247776212,0.006713254688231464,0.8297872340425532,True,False,0.8251321959287039,1
0.09815370849596111,0.07006549455020293,0.08581021886363939,0.03693618005208139,0.3159079020627758,0.08593949699075007,0.3071869989845894,0.0851063829787234,False,True,0.9882752710001314,1
0.1207050715066109,0.010101179698154977,0.007988922820563156,0.2826034247267236,0.22175212452470522,0.33390232644108364,0.022946950282158526,0.3404255319148936,True,False,0.5085792894475785,0
0.03442838577370424,0.04351612748114862,0.335474331259362,0.24797348073589626,0.2002930966122764,0.10754433788972746,0.030770240247885185,0.0851063829787234,True,False,0.6603027197013382,1
0.2031768114235593,0.043284481513173906,0.0029752454399476587,0.01205211421946059,0.4831891708799591,0.04922172887652839,0.2061004476473711,0.5106382978723404,True,False,0.38193963965289596,1
0.04967877476783368,0.027918143017306916,0.20592784972643463,0.3214496697647602,0.2227572522451312,0.16302269182200432,0.009245618656528943,0.19148936170212766,True,False,0.12523357043282715,0
0.11043184491265669,0.020776272628497013,0.11429020205607428,0.4343566981057014,0.12631206072774434,0.16457882055505146,0.029254101014274805,0.19148936170212766,True,False,0.11080796217980703,0
0.27879038273520684,0.03049720417502241,0.14406304477973214,0.24399166409611397,0.15032440949496897,0.05460434385714037,0.09772895086181503,0.40425531914893614,True,False,0.6759822755863554,1
0.0722321100670527,0.001348821374828883,0.5145545645512886,0.1173256483212526,0.04017524252544498,0.22284843929164114,0.031515173868491106,0.9787234042553191,False,True,0.6360707637298251,1
0.03610111745191567,0.5541685171113676,0.19928550596550892,0.11791962428707141,0.028782031038269297,0.00800022212708341,0.05574298201878366,0.44680851063829785,True,False,0.26933129830202507,0
0.10381876607337302,0.17425631674907596,0.0152905491771762,0.1547619848354753,0.012900127591326681,0.44925771614186044,0.08971453943171251,0.46808510638297873,False,True,0.34238363603354655,0
0.11509614392382646,0.30629200002091667,0.29350748885190575,0.2042396268516207,0.02415930923954679,0.0354641514257952,0.02124127968638848,0.9148936170212766,True,False,0.877138441511404,0
0.08076903748079509,0.02490107604116199,0.11594624108719155,0.23713413387857818,0.19221828285176154,0.30279784075438065,0.046233387906130935,0.723404255319149,False,True,0.8798164859419387,0
0.15141758934437113,0.05261889901596735,0.19161334245227826,0.2385074995285389,0.13485748845195528,0.16451837833410968,0.06646680287277934,0.1702127659574468,False,True,0.5241591707261622,1
0.19925935341615222,0.19377785428751584,0.1890711496593094,0.0011731129739837164,0.14641320400096855,0.1503407271916455,0.11996459847042483,0.3191489361702128,True,False,0.8419703714967087,1
0.1339386195320667,0.14695890674960474,0.02807521091822051,0.10258989465392082,0.21731033397684102,0.31951225338434747,0.05161478078499888,0.5319148936170213,True,False,0.6630420045004922,0
0.0011646062879397037,0.12159956994284306,0.018259795477505916,0.11300606131116761,0.12382328920693082,0.3035775381389255,0.3185691396346873,0.1276595744680851,False,True,0.5101097124988252,0
0.2855924941091615,0.024436729176191923,0.056767069903577556,0.26973349751007614,0.012055059245685281,0.14815064207057102,0.20326450798473647,0.3829787234042553,True,False,0.02293281126804203,1
0.04643555702739802,0.12087043819756008,0.0192712829137595,0.1419947738890992,0.16365211689728054,0.4796443207360077,0.02813151033889479,0.7446808510638298,False,True,0.520296576918654,0
0.10767520282871755,0.03006264452350101,0.30628173255948526,0.06195048236840884,0.10692635428651505,0.014873480728129827,0.3722301027052425,0.9787234042553191,True,False,0.7336158300423125,1
0.04274387033875905,0.022884221942414493,0.12189437323659523,0.08233475728672728,0.023579741935305945,0.13909400007172396,0.567469035188474,0.2127659574468085,True,False,0.5718722712271865,1
0.2344283376030176,0.05394632427145402,0.11898657687737253,0.10772972558997285,0.007022476637703084,0.006478379556615319,0.47140817946386465,0.9361702127659575,False,True,0.5180787662388154,1
0.04352229512003734,0.3464549286935344,0.03681336754497039,0.06886880871868784,0.2528318037297486,0.2262532275882048,0.02525556860481675,0.425531914893617,False,True,0.9373532942158644,0
0.14337653955062232,0.11681270041878179,0.005987726632291328,0.27434177136281185,0.2812150151453034,0.17744011674835364,0.0008261301418356303,0.851063829787234,False,True,0.22522370226848976,0
0.03321891715266497,0.12004953766951029,0.6036986810872663,0.15069037988627018,0.0031831368069759635,0.07839735936928964,0.010761988028022727,0.44680851063829785,False,True,0.27571985309555225,1
0.036844634849449664,0.17678573595419578,0.4207832008460594,0.05301698231600749,0.06401164632535439,0.2128860419124491,0.035671757796484085,0.1702127659574468,True,False,0.8530896234036505,1
0.01130698259793063,0.22957426902081252,0.19602757012739463,0.10080779891531101,0.08990528727010516,0.350914276008414,0.021463816060031993,0.2978723404255319,False,True,0.7324487318380899,0
0.10113628927965816,0.017427219258195733,0.2720891149074848,0.06362061812429401,0.22389629344548667,0.19721450891037248,0.12461595607450815,0.7659574468085106,False,True,0.9795508403817569,1
0.017791539691190482,0.14672268633008065,0.024105440782443355,0.046904801254737526,0.04193952483601169,0.3337787684384503,0.388757238667086,0.851063829787234,True,False,0.15124682873493456,0
0.041857139528087645,0.04737748505661882,0.31171124905353137,0.13505762208061903,0.12149800300121075,0.01998680830126532,0.322511692978667,0.8936170212765957,True,False,0.7916999884533517,1
0.14010328944191183,0.16706011242789023,0.04512802230399203,0.33036052214117184,0.0985243460544845,0.026745061821298655,0.19207864580925088,0.02127659574468085,False,True,0.4622955610006072,0
0.09806189817739704,0.19452488002892235,0.14569998170570658,0.011882184725563669,0.1327754121361159,0.30344261428728325,0.11361302893901114,0.6595744680851063,True,False,0.8721357000224766,1
0.15687128575061182,0.28311635397569196,0.2795860464062072,0.0036089999134304987,0.02689817708870085,0.2147863519883803,0.035132784876977345,0.2765957446808511,True,False,0.9466379541996072,1
0.17540028397944843,0.296652690689499,0.1743340722770284,0.17170910441901827,0.021115571263078083,0.08991748646545669,0.07087079090647116,0.8723404255319149,False,True,0.7983441882243283,0
0.1737644614624349,0.22450648121187775,0.189217642669807,0.036636268847360265,0.2173363450573634,0.08132163762209771,0.0772171631290589,0.14893617021276595,False,True,0.3566709741417648,1
0.22244124844585128,0.0508063173677105,0.058798407040120515,0.16158651356208786,0.03422289869770045,0.356837375669538,0.1153072392169915,0.40425531914893614,False,True,0.7932613504382544,1
0.040094727464641565,0.20485321477132473,0.24904351406243294,0.034126742879851096,0.43216544475840557,0.015962732487983227,0.023753623575360896,0.14893617021276595,True,False,0.7326352347008328,1
0.162822025984344,0.03562541714701228,0.1519663575138493,0.3257032005673707,0.1843620509805203,0.01186951766407571,0.12765143014282773,0.3191489361702128,True,False,0.41776097927509964,0
0.4451897771232618,0.1184833199125908,0.10822743558367962,0.01950409037558346,0.2296257687246741,0.059944022694363996,0.019025585585846376,0.5531914893617021,True,False,0.5597556836383826,1
0.09623693231106978,0.16315353034653665,0.2837170730649261,0.01062345764276462,0.1688328764663721,0.026647111335683895,0.2507890188326467,0.7872340425531915,False,True,0.1107484453189581,1
0.12282414012319963,0.38158688546441705,0.19953673428603558,0.09087429668442527,0.03248300579614137,0.025287428456671642,0.14740750918910947,0.23404255319148937,False,True,0.5254349125456929,0
0.04662154002278127,0.019943406477464863,0.015179091307548853,0.21128458414401802,0.09068115497386542,0.39233632153390097,0.22395390154042052,0.3617021276595745,False,True,0.613777418815699,0
0.08671624986918554,0.13056523285637028,0.20315944673074987,0.24884088615302757,0.2814922248696889,0.04443235941252601,0.004793600108451821,0.3191489361702128,False,True,0.32510401543169903,0
0.20130646251350665,0.012533402556185368,0.03337641424270214,0.3361666741783665,0.04474571120264347,0.31500794334558174,0.05686339196101419,0.0425531914893617,False,True,0.8663865142513422,0
0.03740880728385719,0.06886665481410442,0.010936136823339224,0.22196709416958413,0.08086978281430203,0.21944597309189076,0.3605055510029222,0.3404255319148936,True,False,0.8073960303399513,0
0.009893687417544744,0.3721385413520713,0.17087559653063547,0.33675392794605796,3.060389313262299e-05,0.03008506193036488,0.08022258093019287,0.9574468085106383,False,True,0.22673038292351066,0
0.12046981639274648,0.0345738858314959,0.1334242857114101,0.40636568059076633,0.16345560435070156,0.004552732321566295,0.13715799480131333,0.2765957446808511,False,True,0.9662434107067983,0
0.009911272126703709,0.08941051735924262,0.2619698802957873,0.12713865439631108,0.087357502932822,0.13297560824435406,0.2912365646447793,0.2765957446808511,True,False,0.5591848068293265,1
0.26030912833441466,0.2001265295701815,0.26520234468781795,0.15719806865165128,0.06483841401034576,0.03370316032644566,0.018622354419143155,0.3404255319148936,False,True,0.046123564335733835,1
0.153122508549787,0.06104251330224246,0.3182200917007008,0.014105426631254168,0.04692671789829761,0.23958105649794162,0.16700168541977622,0.06382978723404255,False,True,0.8522638743911816,1
0.17290401124199262,0.14112550524291556,0.3496307105072679,0.0321592660156006,0.012906509080474273,0.04295684763122786,0.24831715028052107,0.6170212765957447,False,True,0.5828068350834896,1
0.49248066112698213,0.17687949410842005,0.06733927206156991,0.006008227263654071,0.16264709327333043,0.08348956361334078,0.01115568855270271,0.1702127659574468,True,False,0.03264567754566861,1
0.22727874365535586,0.0074903761994436985,0.34941659878104603,0.0028520914524390864,0.13280084370297054,0.0096083849627596,0.2705529612459852,0.9574468085106383,True,False,0.1375237748170154,1
0.060335541968438024,0.026076057252810026,0.02707751586872938,0.42833265835820084,0.08530623534238492,0.22512034714890664,0.14775164406053026,0.1276595744680851,False,True,0.10422480280834767,0
0.0591775622380863,0.08154470895329484,0.12878260970061994,0.36657288798122406,0.11192234911270461,0.16594644413163548,0.08605343788243464,0.46808510638297873,False,True,0.07093221613377342,0
0.053735097834036336,0.08222349214152863,0.1170774425034675,0.008552718725777377,0.02761321067783062,0.05932443377411619,0.6514736043432434,0.5957446808510638,True,False,0.48204105811208253,1
0.08861064933557267,0.3830625682941255,0.1337429438504276,0.09414995207775637,0.2950693809639268,0.002241276996904435,0.0031232284812867618,0.14893617021276595,True,False,0.843924612611724,0
0.12621257979092407,0.23390537316997717,0.21724378505111955,0.09279439736712315,0.1902541728361744,0.017088233370895607,0.12250145841378604,0.48936170212765956,True,False,0.28456230176289754,1
0.2568055712709126,0.1142419933786399,0.31920150049965657,0.12881026177051677,0.004536536430611516,0.1694916657308538,0.006912470918808895,0.2127659574468085,True,False,0.9294266944731139,1
0.027130114646268758,0.0742360354963811,0.19664816105608485,0.3214220699134461,0.16700529134767442,0.044870261826457515,0.16868806571368725,0.6808510638297872,True,False,0.7184292298187351,0
0.32687457588832963,0.13563421363009825,0.21087754880360188,0.00022352412254520696,0.13418839064621838,0.18780736293931305,0.004394383969893679,0.40425531914893614,False,True,0.25669422831004585,1
0.13854857551430735,0.2039579582147425,0.13755870182731494,0.012256688796952507,0.11483125970397971,0.10096324568827707,0.291883570254426,0.23404255319148937,False,True,0.3210810970870501,1
0.17773484421659988,0.06825911088556799,0.13323147127481977,0.13335980335048822,0.28084709837303873,0.11710832454954793,0.08945934734993749,0.1702127659574468,True,False,0.1543215652830794,1
0.016351702984382387,0.08808692512721097,0.11714508242871925,0.06547340857498243,0.1531630969654954,0.41106771022594246,0.14871207369326706,0.851063829787234,False,True,0.5324926994371466,0
0.09725917275134222,0.014393671843017545,0.08322263724463379,0.3933510525798427,0.26943070197267105,0.03973793571434433,0.10260482789414856,0.48936170212765956,True,False,0.06738455478552252,0
0.07368196697486479,0.28711157836824547,0.07778869145800248,0.012148063024820376,0.11759101723050626,0.2975115811606127,0.13416710178294772,0.9148936170212766,False,True,0.3842396201373814,0
0.10546026520856146,0.1526645884321484,0.2511770593286346,0.01835839032951274,0.3886670323409995,0.0021841253037929963,0.08148853905635044,0.7446808510638298,False,True,0.6884050184921368,1
0.11256264646537639,0.04378701282745767,0.13505162373449225,0.03690070352392859,0.5296444363604877,0.10181030505244021,0.04024327203581718,0.5957446808510638,False,True,0.6458223862864844,1
0.2268901965229316,0.09326396387388595,0.01666556763460243,0.11802782610225705,0.08349896081058154,0.25318156906818334,0.20847191598755804,0.7021276595744681,False,True,0.21789255425499007,1
0.5714563520438305,0.0781342921584545,0.15050384516495238,0.019556977457881198,0.08582904689045905,0.003605353351128803,0.09091413293329358,0.2127659574468085,True,False,0.3842067129858002,1
0.014281700997824134,0.011290240067308631,0.1762924271789792,0.06261167012546207,0.008483942546168459,0.5067811215666875,0.2202588975175702,0.6170212765957447,False,True,0.9000831830164807,1
0.009776856587074802,0.2472198692699779,0.02984238611101568,0.17366063710704147,0.07314898715762114,0.13880812325528175,0.3275431405119874,0.2553191489361702,True,False,0.961135485407593,0
0.1255416274648745,0.12389259345996213,0.10586365840177844,0.19834221500854957,0.04259136418248129,0.2052613898597555,0.19850715162259855,0.44680851063829785,True,False,0.8336499619375854,0
0.2579408344444246,0.15993994482068322,0.13337003888341128,0.09615837190959385,0.026378403823520215,0.1862480291876915,0.13996437693067523,0.9148936170212766,True,False,0.5577088262500439,1
0.10154111020237024,0.2067500401272345,0.03567705715300164,0.13973500124709168,0.23424445136736413,0.1597575003743918,0.12229483952854599,0.3404255319148936,True,False,0.880314762148927,0
0.23243059122312873,0.20052289245607652,0.23070177658347288,0.05349947535510291,0.11965700221862617,0.009581795789628483,0.1536064663739642,0.7446808510638298,False,True,0.2277497361032096,1
0.28880926902711546,0.2086268335581893,0.11123585919399301,0.0662085962293817,0.1771908122607202,0.012161308396337916,0.13576732133426236,0.574468085106383,True,False,0.7942106625494053,1
0.0301323767667746,0.19577908345434683,0.2692646553078436,0.015045826547318826,0.0580109609065755,0.37008137962849147,0.06168571738864904,0.6595744680851063,False,True,0.5887315221313199,1
0.10813262991194891,0.07734679914889626,0.05220824603453622,0.32969319791126367,0.11229434675901365,0.16453354121477218,0.1557912390195692,0.3404255319148936,True,False,0.8944525568242322,0
0.05608585157900603,0.053989045562755356,0.08490684783186787,0.08245967792051459,0.1513641906172286,0.059625358476454324,0.5115690280121732,0.14893617021276595,False,True,0.0031678485807017476,1
0.17291853802709464,0.05995831298759596,0.04650962380910568,0.0632363766061473,0.050034647590131896,0.005290399577228084,0.6020521014026965,0.6382978723404256,True,False,0.01911609442976404,1
0.12415506747007844,0.22303594443319635,0.24580572019207136,0.22601089014764683,0.02766682787149906,0.0681858022340254,0.08513974765148259,0.02127659574468085,True,False,0.278759872414553,0
0.018524730361450605,0.24716558962936888,0.0006970051042812297,0.47982904556908723,0.08843310193754482,0.13802572814779968,0.027324799250467477,0.1276595744680851,True,False,0.73786951856153,0
0.20669438333460308,0.15518500291467513,0.017733349697864182,0.16107465508646593,0.16854135652474414,0.12361890614626793,0.16715234629537953,0.7446808510638298,True,False,0.6136041142374584,0
0.038888000204504114,0.28028627717611676,0.03387968864548559,0.21941461818026858,0.21910588941126571,0.028623391987601114,0.1798021343947582,0.0425531914893617,False,True,0.8082352100092222,0
0.36886096330111395,0.00938421681819211,0.38800406504936,0.09243014851787008,0.04451223052974049,0.00999829013511631,0.08681008564860695,0.8723404255319149,False,True,0.707086477266698,1
0.01603239604439198,0.023550484668750746,0.16042153895530414,0.10888254435133506,0.08228069006764517,0.10263854303185485,0.5061938028807179,0.2765957446808511,False,True,0.4051026945275664,1
0.2498778077407705,0.040969309465806875,0.06835159186395878,0.027064072961665662,0.10805464586707643,0.40797023253711545,0.09771233956360634,0.3829787234042553,True,False,0.7596114286997966,1
0.02720636584659014,0.16635718837790112,0.2637330933955961,0.07911563235880649,0.22527356598063727,0.10577422668432937,0.1325399273561395,0.2765957446808511,False,True,0.7139526325065898,1
0.2520077289504366,0.2374975526596684,0.11719887945405089,0.10703133668451693,0.022471445337392208,0.217640690672824,0.04615236624111099,0.6382978723404256,False,True,0.8819921697216359,1
0.30494977270731394,0.22469401651607976,0.05565512312255586,0.09044999264025505,0.019044974079346858,0.03680733336599817,0.2683987875684504,0.3617021276595745,False,True,0.5934857629759347,1
0.23161971277413493,0.08967800873325192,0.06446077255873489,0.04262838961295764,0.2890112131662177,0.008845545991015804,0.2737563571636871,0.0,True,False,0.27039328638452553,1
0.1956191983085169,0.03975757893827532,0.1645156956900854,0.2352538037946775,0.06015959380977675,0.2545942176653149,0.050099911793353345,0.23404255319148937,True,False,0.08928952452557293,1
0.2451450880890231,0.14368574299968315,0.103503639767166,0.21137789326990825,0.2568154058101631,0.0009228322075883338,0.03854939785646809,0.425531914893617,True,False,0.6663854135782065,0
0.3068093861512372,0.12982829863347464,0.2731167101861075,0.10996812185101164,0.032097350565157105,0.010098154654771044,0.1380819779582411,0.23404255319148937,True,False,0.04818601239329623,1
0.07251646015122001,0.5104337013987555,0.11273884488949275,0.09210136425716746,0.09941478167482408,0.038065769189816655,0.07472907843872344,0.9148936170212766,True,False,0.052355020187472394,0
0.19268385406261052,0.07113861982734815,0.22805081563796314,0.250824411347866,0.03146124238688376,0.14143462883059668,0.08440642790673175,0.44680851063829785,True,False,0.7962405955628543,1
0.143773069827492,0.003751930474908049,0.051469386257671695,0.2737917741636625,0.013773286422091004,0.1369510879657908,0.3764894648883841,0.9148936170212766,True,False,0.6821938806266105,0
0.10547967665329877,0.14459380305353492,0.014902154468524753,0.00734365787129448,0.1836304804758935,0.28956809984207593,0.25448212763537753,0.9148936170212766,True,False,0.8354802257421944,0
0.006526606645492114,0.2101294820235696,0.18143734245991933,0.008605277847203883,0.058557878581306816,0.23537199115695848,0.29937142128554967,0.9787234042553191,False,True,0.5309376784120938,0
0.127604690876773,0.0014074991294420803,0.08803386256751118,0.4671847967556467,0.10329748952916597,0.15972340539696958,0.052748255744491365,0.574468085106383,False,True,0.7729214818761151,0
0.09369439309210977,0.47443863065491776,0.017063309225022433,0.0021739780492615055,0.18700954734575156,0.20933158778053462,0.016288553852402275,0.10638297872340426,True,False,0.0175523633666289,0
0.0911011436587734,0.3892779623887167,0.19149365922923436,0.11227721156289303,0.1219716241130518,0.0003554555720949306,0.09352294347523565,0.7446808510638298,True,False,0.9741944438163571,0
0.22475529495138433,0.002858079239006146,0.2738999991577822,0.18298823690807556,0.18144010550535214,0.07331168451539723,0.06074659972300239,0.06382978723404255,False,True,0.06569485895436578,1
0.04018588160162637,0.04392225692867919,0.10265314933556234,0.21345406765619382,0.09959661087509547,0.00924236350770407,0.4909456700951388,0.1702127659574468,True,False,0.7851895431484084,0
0.4828908815098339,0.07997800473794164,0.3346920451243691,0.007996150281634171,0.046299450231888375,0.025975568385400036,0.022167899728932683,0.8723404255319149,True,False,0.6224136415659967,1
0.22249670111933825,0.12637954382591846,0.02326494049247476,0.24394043320845762,0.14789801124020255,0.07190799595591921,0.16411237415768926,0.8936170212765957,True,False,0.3451922084942105,0
0.3496534881945474,0.04810092009239081,0.08897745781041806,0.30953776191946947,0.17239577070408987,0.009000954816701691,0.022333646462382707,0.0851063829787234,False,True,0.6309217902291634,1
0.08768126338023204,0.02129756114376939,0.46801263959735107,0.11141529249616366,0.040904692742627695,0.10256116756099977,0.1681273830788563,0.0851063829787234,False,True,0.274703815047892,1
0.3709434388169846,0.13881814520918553,0.17836511920534762,0.12788206588940584,0.010123894760041665,0.04086791514025362,0.13299942097878115,0.9148936170212766,True,False,0.049979028659678744,1
0.14210238498159167,0.3042826738232397,0.12066598020787722,0.14723468353022182,0.021215294511625384,0.2477048165036166,0.016794166441827706,0.723404255319149,False,True,0.994819293965951,0
0.15727183115284252,0.5020869998354374,0.10657741575162831,0.037993848974446,0.07263652282861441,0.11383778902004052,0.009595592436991113,0.3617021276595745,False,True,0.01419004939576718,0
0.15122586037534425,0.11264440023679118,0.037504804011836965,0.10247934285828036,0.04300339105025892,0.261287990507839,0.2918542109596494,0.14893617021276595,True,False,0.854221906340868,0
0.16633930785489767,0.04161445588463894,0.029609320485266724,0.06873869846302047,0.17049780919301158,0.36146550992009957,0.1617348981990651,0.5957446808510638,False,True,0.6030643061705165,1
0.22706393282795684,0.19310317146498152,0.05954901718923075,0.10104769964946446,0.20556999680712146,0.005933825326062625,0.20773235673518248,0.8297872340425532,False,True,0.514683617121439,0
0.2259689711805419,0.04005667149591549,0.0385952216736237,0.07051799738628453,0.30787774760990305,6.0590479597718426e-05,0.31692280017413377,0.5531914893617021,False,True,0.9932550154229639,1
0.004906881482032744,0.15284394345772717,0.049631059159503235,0.05321459655136922,0.14987282019000617,0.2676297586021779,0.32190094055718343,0.5531914893617021,False,True,0.3571211593005028,0
0.33177111694271033,0.06190130991586275,0.1778282672857437,0.09510965702944604,0.22894546949737946,0.05889076625748743,0.04555341307137035,0.9361702127659575,False,True,0.10180368294953691,1
0.1974417017143559,0.06987689991062976,0.01111846491853862,0.010271590984112662,0.05394050788505668,0.56440218172163,0.09294865286567632,0.5957446808510638,False,True,0.5816222929891935,1
0.0868942951246399,0.13140548157224166,0.11011349544434644,0.21535090398350812,0.05027425291711048,0.0659497108816097,0.34001186007654377,0.1276595744680851,False,True,0.8925582274864745,0
0.11510819923329069,0.3208673204970697,0.13693879112708734,0.14568859546367088,0.04847774384220764,0.1893206888620363,0.04359866097463758,0.3829787234042553,False,True,0.855030201619935,0
0.03801857020653366,0.012095171769313452,0.011716214422897532,0.4631440803923512,0.11585838788024186,0.08629133377104138,0.272876241557621,0.8297872340425532,True,False,0.3321910331156046,0
0.16712371993315328,0.20832769800918763,0.15020908719083204,0.023226097822215127,0.2947858274942077,0.10943042565204872,0.04689714389835569,0.46808510638297873,True,False,0.03757109039890739,1
0.020931083122863826,0.22191232536028727,1.7800153653495578e-06,0.08243480562067676,0.1130923519349058,0.008595542531695654,0.5530321114142054,0.1276595744680851,True,False,0.3041987196362809,0
0.054231986898950625,0.03920171623307977,0.00022076228282848803,0.1956163365290788,0.509891496831464,0.038015513714940656,0.16282218750965757,0.9787234042553191,True,False,0.8484253790905248,0
0.11183147759078677,0.07347327495458295,0.08011250270922962,0.2538799154401055,0.3455223450014857,0.04080573788770351,0.09437474641610596,0.9787234042553191,False,True,0.405751168615061,0
0.04935669339199054,0.28484345490861274,0.154936319083574,0.03211020922020091,0.09494324992509803,0.10605718876617186,0.277752884704352,0.6595744680851063,True,False,0.2690196467983105,0
0.10240186324071057,0.043986919732171184,0.1390732847965505,0.09236503661081691,0.06306760599086084,0.4186164548158374,0.14048883481305258,0.425531914893617,True,False,0.10251596406647444,1
0.08195817751129143,0.08080377372585552,0.05237326261056013,0.30703233935234403,0.19969970969093198,0.13576004871798641,0.14237268839103037,0.10638297872340426,True,False,0.12203049432184863,0
0.045553210111507564,0.6475679339252021,0.14398364760865529,0.010681325861905244,0.01816012061727194,0.05225809972680333,0.08179566214865455,0.40425531914893614,False,True,0.15732628000182824,0
0.024880268634130575,0.2844700726869787,0.21858871680543634,0.11235551432411864,0.15668238370095228,0.07351587199448735,0.12950717185389624,0.7446808510638298,False,True,0.38723727117809587,0
0.280505680647355,0.0019160059674433467,0.18033816304739161,0.015717143586961208,0.18900018694081186,0.11322661731812116,0.2192962024919158,0.06382978723404255,False,True,0.7048710100433818,1
0.17143400313159,0.07977589102374823,0.3443188173843575,0.00535313393389773,0.07091427007426088,0.12789258409935017,0.20031130035279532,0.2553191489361702,False,True,0.8000034817636815,1
0.18537944261390626,0.11638282351500479,0.03254290825542525,0.461909366668802,0.03942708950596307,0.08542826533630027,0.07893010410459836,0.44680851063829785,True,False,0.5015154614797338,0
0.007088076856308557,0.036170366329010106,0.26393088224149197,0.18331538536349676,0.38676117170749796,0.09532184529815527,0.027412272204039505,0.14893617021276595,False,True,0.18691444060846163,1
0.0030029040539552108,0.07440572376053202,0.031912854007880506,0.07966643925514427,0.4105079273121163,0.08456627604138908,0.31593787556898256,0.0851063829787234,False,True,0.24713155466139192,0
0.15432427454521805,0.030754283068770573,0.14233427510610425,0.3971092785939833,0.026260384946974177,0.080671796008977,0.1685457077299726,0.6808510638297872,True,False,0.7848618229588802,0
0.1264497269880945,0.011811218278372565,0.14522438399295517,0.1471085599026134,0.08788552666756409,0.44389937557735976,0.03762120859304067,0.19148936170212766,True,False,0.9803687409421851,1
0.010745074616420784,0.1124287048653869,0.03039180157715936,0.5426232287673083,0.01848824524270919,0.079462481690962,0.20586046324005336,0.5319148936170213,False,True,0.42272863689393225,0
0.15301462115624323,0.18229203285164275,0.11037796960094849,0.08265997267836754,0.23729570468924374,0.11246526288343944,0.12189443614011476,0.19148936170212766,False,True,0.9685373316998921,0
0.16911909646656095,0.014638763055565615,0.01436260896630695,0.5527396295916344,0.06447550583119296,0.017650600989983542,0.16701379509875564,0.40425531914893614,True,False,0.6485048201186882,0
0.0428406982445199,0.0020963390111242743,0.4616246146989316,0.03977251116830615,0.15517973636578422,0.1688414936489962,0.12964460686233775,0.851063829787234,True,False,0.27109625376406576,1
0.0878569288321604,0.19401639047831426,0.28296797995836115,0.010802089529603431,0.016232047112047437,0.2794156289516097,0.1287089351379037,1.0,True,False,0.20263263413534316,1
0.17931054734907625,0.24450806155612567,0.23074291376749878,0.10618309523143908,0.003140849026710227,0.17703597973738047,0.05907855333176963,0.7446808510638298,True,False,0.9575810150838173,1
0.06741040673818112,0.24243302121820137,0.027656945002628372,0.14775544679992972,0.4994118108750695,0.01422636838848439,0.0011060009775055299,0.723404255319149,False,True,0.7483843496762312,0
0.4043765538622446,0.0935725094479984,0.04921376429896817,0.09368360278235088,0.2113041669313391,0.0014952248309375218,0.1463541778461615,0.3404255319148936,True,False,0.6376882468959355,1
0.0522581963059557,0.23610355128960642,0.018074547028009227,0.041910482611186024,0.39592363708217015,0.2531193448340094,0.002610240849062993,0.6808510638297872,True,False,0.01581319623296208,0
0.014471929357690465,0.43641320650082743,0.07900631618183071,0.09968199348599888,0.0437150843093741,0.16386712998725236,0.16284434017702604,0.6170212765957447,False,True,0.33303487180539837,0
0.33621642580081423,0.07514832375856575,0.10575913140915909,0.05178939509732664,0.24026801335689985,0.07876070944120354,0.11205800113603087,0.5531914893617021,False,True,0.2914957409237229,1
0.1683797411007366,0.06375901588219089,0.026401193684482075,0.1838267163961151,0.04639876830315651,0.2290829510854678,0.282151613547851,0.7659574468085106,True,False,0.03500791480680565,0
0.18398768121788395,0.06297313333876375,0.24590953327880322,0.12073799780444353,0.21315092826596366,0.08223752223406484,0.09100320386007689,0.8936170212765957,True,False,0.7839873586893554,1
0.10203589419675015,0.1301185450116765,0.2885683923379194,0.17142665082928102,0.042137069090923296,0.1674398732871067,0.0982735752463428,0.8936170212765957,False,True,0.028311274402667796,1
0.04671292422343715,0.06537503209751701,0.2473027802462092,0.002290282081023065,0.10413391748589729,0.5106761619775059,0.02350890188841037,0.5957446808510638,True,False,0.7865223823908472,1
0.30085866515562676,0.14466031788986908,0.13428637815473152,0.18447537603650238,0.062241436156029006,0.17263562792131704,0.0008421986859242285,0.23404255319148937,False,True,0.4433065095171754,1
0.12209299069796672,0.04456479769313418,0.20552449581980492,0.012077032694106787,0.3121373902751372,0.2667317289065277,0.036871563913322546,0.6595744680851063,True,False,0.3267425420300408,1
0.058524531492652285,0.09421396085770244,0.3787749196109095,0.2795144419998816,0.014472580533994828,0.06670502833772166,0.10779453716713774,0.723404255319149,True,False,0.19386306793689265,1
0.2004666984070394,0.11570293552465792,0.18632503072084858,0.20042863351448106,0.14128428491985237,0.05922874069976658,0.0965636762133539,0.5957446808510638,True,False,0.6736454174749077,1
0.061375170115799405,0.3678661665198528,0.08104297629526831,0.03885401404547148,0.05613174350563406,0.0006195664658225243,0.3941103630521514,0.10638297872340426,False,True,0.5149333499132595,0
0.0518695825581314,0.0257178415238748,0.005692924561268865,0.05341493418850138,0.6528999188938432,0.08148742361022404,0.12891737466415626,0.7446808510638298,False,True,0.5192245707802051,0
0.17006398181635865,0.05115465904043315,0.010806046228049307,0.09013095549690586,0.04848963483973441,0.04504624042921747,0.5843084821493011,0.14893617021276595,True,False,0.5568784431720959,1
0.10413496483228464,0.108552343748583,0.15083443661723425,0.2309782433421744,0.23466139304392725,0.03649727773645707,0.1343413406793396,0.2553191489361702,False,True,0.5754093872861483,0
0.001862831585341254,0.2414829149157986,0.0992382822500526,0.0569567959017748,0.22504819115215619,0.04810561422606178,0.32730536996881465,0.3404255319148936,True,False,0.11428576999797947,0
0.12605727238031023,0.09894162281565666,0.12914255320587933,0.26346766235485514,0.13049684251619983,0.08231013501603723,0.16958391171106163,0.0425531914893617,True,False,0.8856197642417732,0
0.03071025720068223,0.15349058820553305,0.26112543315431225,0.16086066348731587,0.14625964433343824,0.17098098471917353,0.076572428899545,0.44680851063829785,False,True,0.2034364751360912,0
0.02812873228995104,0.06939876462556684,0.1565537047173795,0.14749402016091706,0.3546745987740707,0.10702787812562405,0.13672230130649082,0.2127659574468085,True,False,0.4097392364429391,0
0.4144204629328966,0.006207410298407473,0.13095256318778745,0.09259134155435209,0.01703472357097282,0.2591429542148344,0.07965054424074934,0.8297872340425532,False,True,0.8479278837633486,1
0.0573259149118106,0.2908109607067108,0.04351401821168693,0.05234753735576033,0.3292294868082425,0.01914227530867239,0.20762980669711642,0.8723404255319149,True,False,0.4463868902631948,0
0.01605731345924628,0.2890676170111191,0.2074328429580622,0.27133024750743356,0.10380581227106192,0.10204482839920764,0.01026133839386937,0.6382978723404256,True,False,0.9292884022620594,0
0.08248134318113423,0.3079341932775788,0.3195572397273934,0.08082136355395866,0.1729313603090787,0.01733930306462449,0.018935196886231707,1.0,True,False,0.5810150933751095,1
0.10921731673633539,0.15620787566347696,0.1448116573565665,0.08479622879157248,0.22257921463678876,0.279489082388642,0.0028986244266177397,0.3829787234042553,False,True,0.7132358680833367,1
0.12539079261381347,0.2786422595491685,0.1093183829822036,0.12712608303642972,0.044325987669514934,0.07663388799114762,0.23856260615772215,0.425531914893617,False,True,0.7743026829445951,0
0.2835113947701022,0.11552412759456918,0.21027086869455508,0.05428652823257576,0.07938812517564799,0.1847372699362379,0.07228168559631208,0.8297872340425532,True,False,0.18537277908251149,1
0.0987242307992876,0.2131398153819536,0.2188351218502099,0.1389250618372605,0.14764127823946865,0.08800376900392498,0.0947307228878947,0.23404255319148937,True,False,0.8218309465853593,0
0.13010735218738487,0.19211318280944203,0.03832798181867945,0.1423587920171315,0.03702726914800657,0.337897264846245,0.12216815717311047,0.0,False,True,0.26951186229227264,0
0.037640603986166976,0.2107553228013109,0.043849992178559755,0.16071669256516108,0.054611422594787504,0.1926960043804086,0.29972996149360526,0.06382978723404255,False,True,0.7608513309307817,0
0.07272837906931322,0.032369769280237944,0.4199282729500413,0.16070432292832024,0.19807300625213412,0.011069316214225591,0.10512693330572742,0.10638297872340426,True,False,0.8791857726012476,1
0.039310522501017985,0.11485883772375899,0.005603693812532607,0.1549151488787288,0.0549842386963924,0.32162435941949175,0.30870319896807746,0.8297872340425532,True,False,0.9009608956904679,0
0.530394769847708,0.16644675136516962,0.17771454050998442,0.02730912063035295,0.08198420179980831,0.0066397994516836315,0.009510816395293163,0.40425531914893614,False,True,0.32663924942591094,1
0.11622034711419538,0.13849218295833138,0.16451310113029924,0.5093721702732958,0.02329434745148434,0.0034710884185410796,0.04463676265385281,0.723404255319149,False,True,0.8917108652027459,0
0.6484083381250473,0.17854842323893103,0.004727934747212205,0.028663681973521246,0.128283013940162,0.005439154608022912,0.005929453367103237,0.48936170212765956,False,True,0.7061585021190541,1
0.07286429630266458,0.028058474118215767,0.14131005375782135,0.00105692704705785,0.5495735021508076,0.10564877050370608,0.101487976119727,0.3829787234042553,True,False,0.06932833038776476,1
0.1383767739929518,0.17967456193262282,0.15339780576923326,0.020274185283737933,0.117659918291708,0.11467047389310779,0.2759462808366385,0.2127659574468085,False,True,0.3714859436594342,1
0.14921425508732905,0.15523352422524225,0.09809098590198048,0.09062281555767265,0.10551982956735144,0.3055781355773179,0.09574045408310623,0.7872340425531915,True,False,0.504003763596326,1
0.2729472435287546,0.16384454152857583,0.04122717224524455,0.18250392669711463,0.010680655636697189,0.2373182091961953,0.09147825116741795,0.46808510638297873,True,False,0.6442567236508115,0
0.4386158360470972,0.008673040993748644,0.09696882909895316,0.1651161506717764,0.1992278294989209,0.06402515715607839,0.027373156533425532,0.44680851063829785,False,True,0.5797261570972247,1
0.10749811305499501,0.5295077924931149,0.011142761012298882,0.20611159728588502,0.004506208933657418,0.033517684333433356,0.1077158428866154,0.8297872340425532,False,True,0.6857005429336439,0
0.19542386283611257,0.08261588743950361,0.24883347678324494,0.1730060194710073,0.07120866244304688,0.14549591182428934,0.08341617920279512,0.5319148936170213,True,False,0.5928401805081102,1
0.10376424858562183,0.012637033663034975,0.007635427964882195,0.1302991345065407,0.02091349385277321,0.22096803163202117,0.5037826297951261,0.3191489361702128,False,True,0.6590454101322323,0
0.029982931303397336,0.25117117919473025,0.2745003647232931,0.027668837934920754,0.16897073830619436,0.04265898548874353,0.2050469630487209,0.723404255319149,True,False,0.030026005329392813,1
0.23099679027858344,0.09888207944593451,0.36793642973499996,0.06346785695363857,0.19074217482643194,0.006537025180724477,0.041437643579687114,0.8085106382978723,True,False,0.9753431334790705,1
0.2332945259477159,0.2629861311987986,0.3819343388161411,0.012219479672718454,0.06692020188340263,0.01012297717043978,0.032522345310783574,0.7021276595744681,True,False,0.4691072110475787,1
0.03386367893249084,0.011526130655332091,0.019848872254011628,0.017250973074743756,0.39140535361190326,0.15420880123811367,0.37189619023340476,0.8297872340425532,False,True,0.2783684816626566,1
0.45865744554439347,0.11313648081713586,0.10193246259727376,0.07581298370535605,0.039791854003720095,0.08489830047526913,0.12577047285685158,0.2553191489361702,False,True,0.9753732771464209,1
0.02120551037517731,0.2598673785831054,0.1705484901659555,0.0090480050659526,0.49152536855667733,0.03600239884315335,0.0118028484099786,0.6382978723404256,True,False,0.7066755336777,0
0.2379259084123152,0.04201587915699609,0.16130404173458573,0.3757736240033869,0.08965729958285147,0.09254381836451905,0.0007794287453456085,0.46808510638297873,True,False,0.4417464916377071,0
0.5660897701585517,0.06870911745229934,0.17131941033220544,0.04517511647548531,0.06169218343865239,0.028866652668945662,0.05814774947386013,0.3617021276595745,True,False,0.9917728809792495,1
0.16557562695221467,0.033714843803859314,0.006980166229082519,0.020496255818549584,0.12545190259181238,0.21983578332807674,0.42794542127640484,0.5319148936170213,True,False,0.5227601415618698,1
0.09805909094744338,0.16441983419520798,0.12632954616222225,0.17896326885179809,0.16533068453664193,0.019171238240466036,0.2477263370662203,0.3191489361702128,True,False,0.698530625209137,0
0.05633993286038894,0.07551448439659379,0.24459417592744456,0.2309932156332859,0.17830150219070548,0.07472013688850099,0.1395365521030804,0.5319148936170213,False,True,0.6447452485768186,0
0.06839779371504308,0.21069950621374106,0.12192153355398129,0.28384964772697463,0.03987647652295379,0.22158785696179786,0.053667185305508285,0.6170212765957447,True,False,0.21870980032358325,0
0.021458344286559527,0.1856627670392219,0.035756831301545486,0.2783275870294726,0.37239160029714274,0.09000300013871153,0.016399869907346154,0.2765957446808511,False,True,0.7977322633482141,0
0.07473976861457932,0.014859453916082144,0.13281382389906593,0.30442716172248524,0.2594046926776474,0.03142370524014879,0.1823313939299914,0.851063829787234,True,False,0.21820753455217223,0
0.28497513626985055,0.039505199505850325,0.042016873234860266,8.989242199607728e-05,0.28130813411546124,0.2163511711633276,0.13575359328865386,0.2553191489361702,True,False,0.15204856742449177,1
0.12960417382733924,0.09146283233317007,0.020816048065623337,0.1407446313475543,0.5358930974396017,0.008642634443576344,0.07283658254313494,0.14893617021276595,True,False,0.23814665366569632,0
0.36908981870760166,0.09745460428176726,0.0969418428793654,0.22069693521800432,0.0259086633256235,0.10312908167353743,0.08677905391410029,0.3404255319148936,False,True,0.9995577032504386,1
0.31930751368616556,0.11039225379480302,0.3825001386408499,0.04073452420725352,0.006732532046391614,0.04977354705449405,0.09055949057004233,0.8297872340425532,True,False,0.6151291405411998,1
0.45662039013688793,0.13483839589772742,0.13155745480170628,0.009747958994336624,0.0067197812352593955,0.151486173160603,0.10902984577347949,0.9787234042553191,True,False,0.7960074024272834,1
0.20490026272041137,0.035488288669167034,0.059873500931640865,0.0916437376611982,0.2170570370425102,0.36038149148906024,0.030655681486012155,0.5531914893617021,False,True,0.6956246523540579,1
0.2263939544394568,0.05349104108341391,0.013706215265218969,0.20163799268801433,0.25292419721823084,0.056794107050535114,0.19505249225512994,0.425531914893617,True,False,0.83506594545502,0
0.44957240053767306,0.07810011197856269,0.0656308879552583,0.23728739938904286,0.09671038842875333,0.015708367217081062,0.05699044449362872,0.2127659574468085,False,True,0.03010387221131894,1
0.33112011859726204,0.11206002917561804,0.27512486696582983,0.03137051366101352,0.09611309353416671,0.11536778809975427,0.038843589966355486,0.02127659574468085,False,True,0.9471614629002478,1
0.24741156850943297,0.15377538144222772,0.037198078881905745,0.03785760815311511,0.37847450550595957,0.001183253436589926,0.1440996040707689,0.851063829787234,False,True,0.6226895409497974,1
0.6792780287221292,0.05500473686374583,0.06113833536156941,0.01210036257719971,0.0860595215426819,0.044517363152411775,0.061901651780261975,0.8297872340425532,True,False,0.9354845135274957,1
0.045116313353990516,0.10232963570719505,0.5796642625825706,0.01400941314762952,0.0212790004301131,0.03901518788801168,0.19858618689048954,0.48936170212765956,True,False,0.9680763814507336,1
0.09726324646130836,0.11440383543893085,0.046544019740381345,0.10462691590748215,0.17820722937758546,0.22858395189678507,0.23037080117752676,0.19148936170212766,True,False,0.9043597749938571,0
0.33758693564589437,0.28088734254707076,0.011357713100227386,0.0013701450189411387,0.047412039460512645,0.2162357111348247,0.10515011309252907,0.7021276595744681,True,False,0.8845868882296137,1
0.325443023211865,0.3455607476280974,0.054265228622958885,0.16920535604249481,0.045658066089253026,0.030463757632166348,0.029403820773164516,0.425531914893617,True,False,0.863135537735739,0
0.24710620879618775,0.027210626424855444,0.09507962786855784,0.01777351667414496,0.16383447558582917,0.42792003060255085,0.02107551404787403,0.2978723404255319,False,True,0.632238150867861,1
0.293253845854747,0.16551606311567557,0.146844010789977,0.015499103912507885,0.0822683653739619,0.005118925665984828,0.29149968528714587,0.425531914893617,False,True,0.8730193940297162,1
0.1133550899906028,0.18413533857397069,0.08098786746782939,0.12587026235984305,0.43759093740230076,0.013218888362521141,0.04484161584293212,0.0851063829787234,False,True,0.5768573811327002,0
0.08603215487257392,0.017434086363294677,0.5436923289481069,0.0333435689712891,0.009602402603161706,0.12464871622605538,0.1852467420155183,0.6170212765957447,True,False,0.5322918759514544,1
0.010801036502764467,0.018766443013451907,0.08316891932333206,0.03483101138890766,0.2760563252380798,0.16923975605716932,0.40713650847629484,0.1702127659574468,True,False,0.969723632797977,1
0.17947818523980574,0.13580407166651662,0.016431516228597298,0.017241637742279086,0.374579645468426,0.19476818988254396,0.08169675377183122,0.9787234042553191,True,False,0.2528581182501112,1
0.13699047315457777,0.07073836385721066,0.27572534263562026,0.27317319746903684,0.10312999887957786,0.06867087251395462,0.07157175149002216,0.9787234042553191,True,False,0.32817948279761194,1
0.056139381426172565,0.02118177074086936,0.15048023064229826,0.1575120817118813,0.44002342375843545,0.05985395939184246,0.11480915232850067,0.2978723404255319,False,True,0.7618836118624439,1
0.39489729545779845,0.08376441552015693,0.05931686431937792,0.0043873151529572295,0.295183368430737,0.020681778935736476,0.14176896218323584,0.7021276595744681,False,True,0.937108944919677,1
0.049246041421855034,0.03787274515074956,0.13992879389036755,0.1272514056850285,0.05319340307119077,0.346930027315596,0.2455775834652126,0.1276595744680851,False,True,0.23914254543452318,1
0.12207306179957968,0.2525133740015759,0.007656959990260147,0.20094593414397496,0.17762033378181713,0.04476042691055983,0.19442990937223234,1.0,False,True,0.8146710047099893,0
0.24150400561380977,0.11931829306292571,0.07524016017693051,0.028559695878814257,0.11186809028499434,0.13603038399614067,0.2874793709863847,0.2765957446808511,True,False,0.07010813964125694,1
0.14789929799704707,0.058995172441978216,0.0501567534797139,0.5164323016541169,0.01259137300521665,0.15976869225396886,0.054156409167958434,0.9361702127659575,False,True,0.5570405132750351,0
0.024840816593157365,0.06588868466131295,0.12411502410259949,0.2995044392308829,0.023507391043890706,0.20513378375939598,0.25700986060876063,0.8085106382978723,False,True,0.3165867599086512,0
0.09702804783711762,0.02763370073456826,0.10903372498118616,0.012690913384760234,0.4379199301018446,0.14646456118536688,0.16922912177515617,0.9361702127659575,True,False,0.8329297155742279,1
0.09369670174647772,0.22450562028989615,0.06804516504891292,0.057445958950846816,0.29728117011236904,0.03487129461351505,0.22415408923798227,0.8297872340425532,False,True,0.5140954425512597,0
0.06348302296253089,0.14647973603821457,0.06770137116427886,0.006895039974879739,0.05463748667928237,0.0011014293879274824,0.6597019137928861,0.06382978723404255,True,False,0.39515529747230504,0
0.13791866956325038,0.044905396306208024,0.11767116790047777,0.1732254920009557,0.3103604145766028,0.05409364141110961,0.16182521824139584,0.2127659574468085,True,False,0.9903323037936483,1
0.0041368912841374525,0.14659618407710673,0.17071416276146328,0.1845854938365581,0.020325812721195963,0.441966824313569,0.031674631005969414,0.3829787234042553,True,False,0.22267607912308496,0
0.09136927600424324,0.19682673772123813,0.13440111193936685,0.043469891153263863,0.04666535091573382,0.13480780722468577,0.3524598250414683,0.2765957446808511,False,True,0.08412766225938283,0
0.1625455033956797,0.034381886305453864,0.00544587823241143,0.3527837790152962,0.3002363995868013,0.057921033050539014,0.08668552041381865,0.2127659574468085,True,False,0.8349472056944037,0
0.39450431273609265,0.015618575635290441,0.028250735326236034,0.21761496512074832,0.28005580419948295,0.0583814028699597,0.0055742041121899155,0.2127659574468085,False,True,0.5739498660690104,1
0.14808825449043256,0.008626450509793089,0.2597273048549911,0.0033729911958937887,0.45941319116761153,0.10857860604676495,0.012193201734513054,0.23404255319148937,False,True,0.3976844144330547,1
0.3994386483351251,0.08617167342310386,0.03530596252034054,0.1355522059812387,0.03474037718869096,0.2572921306276612,0.05149900192383959,0.9574468085106383,True,False,0.05057310382422887,1
0.06271743623638165,0.20169852842354738,0.1849988153191772,0.028687199045682482,0.028943813155087126,0.19198394103341423,0.30097026678670996,0.3191489361702128,False,True,0.4500586394262252,1
0.08386336943814432,0.4167097074000292,0.0177682915030781,0.048311238046399196,0.2844333163993437,0.010726965200333964,0.13818711201267161,0.7659574468085106,True,False,0.33440117898874866,0
0.09102155478812939,0.13692519842402837,0.0319202059933374,0.15392553393627076,0.29691918851656846,0.25897605484518416,0.03031226349648145,0.40425531914893614,True,False,0.2681743677449133,0
0.11494873494647366,0.1347199872397247,0.29213667636666535,0.014972680086786778,0.009054934467102567,0.12764161334060634,0.30652537355264065,0.2553191489361702,True,False,0.6415044812562517,1
0.04890080386720212,0.3530654793100771,0.3673802989361469,0.0573416481957603,0.04247824086570341,0.08611564502710527,0.04471788379800501,0.9787234042553191,True,False,0.8260646845482854,1
0.17383257242364392,0.27041146684220413,0.07864295926684697,0.026427327934302688,0.2082152662095734,0.06950162844907964,0.17296877887434917,0.5957446808510638,False,True,0.08122963480667268,0
0.29128481995930394,0.010088520363935573,0.2648367588242452,0.22479816867107924,0.09379175414608043,0.06398013186966539,0.05121984616569024,0.6382978723404256,True,False,0.9851745550906746,1
0.22789174332749004,0.08887683984578694,0.09224419358172102,0.15041955931074913,0.17075261414438284,0.1083383298827733,0.16147671990709672,0.8085106382978723,True,False,0.42962286389684406,1
0.10332229152967266,0.04369894860410299,0.03312855993219293,0.2920253335955736,0.23426986135701136,0.09240402861664479,0.20115097636480161,0.2127659574468085,False,True,0.1950089804386158,0
0.17075217256805153,0.24554904016176596,0.2535262720662634,0.14918848488078038,0.11590798968793112,0.010180148024757895,0.05489589261044964,0.8936170212765957,True,False,0.8468872244289528,1
0.06632410619566183,0.190912460510789,0.15259347715841193,0.1563489898139105,0.19410538782954742,0.1448984259024825,0.094817152589197,0.7872340425531915,False,True,0.768581330913202,0
0.05875675591118191,0.2699932798602378,0.060856373941641555,0.2248504122860123,0.3148549516641484,0.0565301281872813,0.014158098149496963,0.3191489361702128,True,False,0.6059969672710255,0
0.2565824960834794,0.006239035101927283,0.17952948493823137,0.05657816397343424,0.08823163497624464,0.3581705065752633,0.05466867835141991,0.23404255319148937,False,True,0.013682414760681105,1
0.0288280740730347,0.10133197566235096,0.009566634708332956,0.33798688943367033,0.18824085884381556,0.2690393467066655,0.06500622057213003,0.5531914893617021,False,True,0.6638244748527252,0
0.41601531278040377,0.006403077417325722,0.2736359560422053,0.10645810995947669,0.10272339480699341,0.08586241507841882,0.00890173391517636,0.2765957446808511,True,False,0.6009120056590861,1
0.0702846879013602,0.4200792099279355,0.08796702988898958,0.026067255691824998,0.21142268633449057,0.05852852735454776,0.12565060290085142,0.3191489361702128,True,False,0.9002641112020704,0
0.2116248439119699,0.1519534466805721,0.15332219981124806,0.3929571142342994,0.04724131272231528,0.00014987728471846135,0.04275120535487679,0.0851063829787234,False,True,0.3258234607704848,0
0.022049478607256527,0.09420168239801344,0.0069996631132831265,0.18612754657433622,0.3758066246439944,0.29284043330352805,0.021974571359588316,0.9574468085106383,False,True,0.813434482324264,0
0.3268687923484391,0.07821260976832013,0.0875440217543349,0.0485304504075394,0.2846159860803683,0.13115474085242146,0.04307339878857676,0.2765957446808511,True,False,0.8912000730636024,1
0.0025394986540896287,0.07208663193744909,0.1495150060533039,0.02967671239144332,0.017873595346245566,0.31242720619248204,0.4158813494249865,0.40425531914893614,True,False,0.8987878897373477,1
0.08655965408629791,0.17976004801720202,0.05207649037644981,0.11793696601540112,0.4830698819637212,0.027493673383445532,0.053103286157482374,0.0,False,True,0.13801548702005173,0
0.009923727577394329,0.20788083143767228,0.4419127518516297,0.06091211400110861,0.010771564540736458,0.007993981975809526,0.2606050286156492,0.0425531914893617,True,False,0.3200273165623919,1
0.10434665857975339,0.06178325092240864,0.10826667559493316,0.31650932677546934,0.14467043437653207,0.19128250553422996,0.07314114821667335,0.723404255319149,True,False,0.5784925082293301,0
0.1340492432569013,0.13673975768465912,0.1587660628839769,0.23384531563856584,0.07858086682015818,0.14855905286651502,0.10945970084922371,0.2553191489361702,True,False,0.025689644869408168,0
0.04500760472986053,0.07866859544095552,0.129041503131508,0.25497188649619107,0.029365325551405443,0.01803359688116567,0.4449114877689139,1.0,True,False,0.47849107010718916,0
0.24553473087229358,0.21729300082066552,0.025076490941524,0.016367625446603674,0.031072990252870008,0.24555084364389265,0.21910431802215058,0.2765957446808511,True,False,0.6377741418455916,1
0.3282248915198601,0.008126925308496942,0.13193000513659878,0.22369870276981513,0.05564320760399864,0.07039153229493227,0.18198473536629808,0.0,True,False,0.8099244203028992,1
0.15319778010339127,0.22939095200092186,0.07946332118269836,0.17934797044808395,0.10990197112193459,0.03688068872371323,0.2118173164192567,0.9574468085106383,False,True,0.3586215819535914,0
0.40719355689859343,0.0035554888868395184,0.06377218845074474,0.009842009133696502,0.24447205917965648,0.2035217884450894,0.06764290900538003,0.06382978723404255,True,False,0.9306424763519598,1
0.20252819033445807,0.0659448980218055,0.08301259965655242,0.14364196982720615,0.2803862262567121,0.06875283679080106,0.1557332791124646,0.5319148936170213,True,False,0.06203676362878152,1
0.043604424773484626,0.0741794614031622,0.018584312720440695,0.11291266555941337,0.6413997674051793,0.0632298673810428,0.04608950075727696,0.5957446808510638,True,False,0.11514617839520115,0
0.36141060206058623,0.09016164322316751,0.0824204209959207,0.1813678834071662,0.09817265544291215,0.17579652010808802,0.010670274762159242,0.46808510638297873,True,False,0.9405039528794025,1
0.14418419605408253,0.42601936686008784,0.022628125663648576,0.08943049490963197,0.12689215754198802,0.12011582511266519,0.0707298338578957,0.6808510638297872,True,False,0.16253798746870782,0
0.27682441280309644,0.009547721816181794,0.23789091963533493,0.2945627860489884,0.05949483738132202,0.010540950886987383,0.11113837142808901,0.723404255319149,False,True,0.3454808537234457,1
0.24761574101551845,0.11844732161115204,0.012589447017223485,0.12717023495812022,0.36368861108979644,0.07692383135158457,0.053564812956604674,0.3191489361702128,True,False,0.15144552193535732,1
0.06737010202340743,0.10759722141012734,0.009986908821214373,0.33343813174976905,0.1671847765848423,0.10496527448690307,0.20945758492373642,0.6170212765957447,False,True,0.47683887773312433,0
0.10300918207005808,0.18271901265703727,0.1584775279445274,0.033605182933987635,0.2929394175393175,0.0137535672502334,0.21549610960483878,0.46808510638297873,False,True,0.17715352322262554,1
0.17539127922708678,0.005632733765291027,0.07121896769746208,0.09948590174868258,0.1190448607187764,0.3764190304725899,0.15280722637011132,0.6808510638297872,False,True,0.8096750362658892,1
0.3225651817273139,0.0023940151133632773,0.4341828781211133,0.009663642104581536,0.18068805911413338,0.035295490010967656,0.015210733808526822,0.2978723404255319,False,True,0.6439565794476135,1
0.09423746222597329,0.011025905440612516,0.17978949567536429,0.4572454660042627,0.09495728378569898,0.047901737847934,0.11484264902015419,0.6382978723404256,False,True,0.4411505522306323,0
0.04526673183449536,0.06251753568546262,0.1425251206986197,0.014356883788760492,0.05009347730069398,0.5575095489569405,0.12773070173502732,0.425531914893617,True,False,0.2473997470583458,1
0.3924228450283993,0.03508199719715472,0.10460649423093948,0.002815198201589788,0.12691293599973594,0.004143481636333668,0.33401704770584717,0.0851063829787234,True,False,0.7877421883023698,1
0.07325673933308634,0.39915919246869436,0.17217039167650164,0.1029191700045492,0.2158450575817102,0.0027302648667402295,0.03391918406871817,0.19148936170212766,False,True,0.244161608716153,0
0.10064998257867219,0.05370863915279953,0.21312086512912104,0.33632729843004533,0.23749980029515028,0.03485158399258779,0.023841830421623845,0.9787234042553191,False,True,0.007334150836180286,0
0.0035195507138817373,0.10846669963433365,0.09891803901103466,0.7023442994139902,0.030345278688503646,0.04018418827997019,0.016221944258285752,0.1276595744680851,True,False,0.7778112444584507,0
0.23672417261041515,0.31930032373468253,0.10196156760925658,0.08220287029290721,0.05494661067399218,0.12188922874893442,0.08297522632981184,0.5106382978723404,False,True,0.16988707321905727,0
0.01826213105587101,0.01769927436666347,0.09833227100005133,0.03795671552745526,0.05964484086562961,0.6130002015960342,0.15510456558829508,0.8936170212765957,True,False,0.14255655503311562,1
0.11917247833015869,0.20025209492653676,0.019766839665631607,0.0010385950998114829,0.274727055682758,0.2541193327444194,0.1309236035506841,0.9787234042553191,True,False,0.41544300059208966,0
0.003989488628457249,0.067076463643756,0.03200065408732547,0.017012011031332337,0.5155718003002735,0.15018402501702652,0.21416555729182893,1.0,True,False,0.3931471294940152,0
0.057108850937664,0.02154161077584439,0.041664207594154366,0.33730943767430144,0.23903857254402897,0.1672108876053734,0.1361264328686336,0.23404255319148937,True,False,0.4370515218421876,0
0.09869078839015182,0.10412460482413874,0.18539456422251985,0.03924234628811958,0.11610034878643113,0.3255921629766892,0.13085518451194963,0.48936170212765956,True,False,0.6307174444919292,1
0.23110966600828392,0.16269762834972,0.002887709249175624,0.03719990785159217,0.28560381895288883,0.054666661527264696,0.22583460806107458,0.6808510638297872,True,False,0.5218843281579432,1
0.008352211900189473,0.02372362827560321,0.3738828550102871,0.2620417189974643,0.1253349589048274,0.07303229517900826,0.13363233173262049,0.46808510638297873,False,True,0.9965263087986191,1
0.020209309028892022,0.15654386709622345,0.07013623126532777,0.01985466110476852,0.024045042755414955,0.41472483730224163,0.29448605144713164,0.8297872340425532,True,False,0.9915327758273865,0
0.05399686218948684,0.10152173549584327,0.2557305842307448,0.15285735753659274,0.12527745550022287,0.10237394286986633,0.20824206217724311,0.46808510638297873,True,False,0.16145783406424005,1
0.1468896536292607,0.18557883681466875,0.19441406876789652,0.05428851340224381,0.31208172468374695,0.00587452118884056,0.10087268151334267,1.0,False,True,0.6993394662526431,1
0.10142378342635774,0.3450905670055121,0.13437927433507876,0.05505742291485606,0.18192677117226622,0.03534210191819213,0.14678007922773695,0.40425531914893614,True,False,0.9119595841996332,0
0.012487488835076643,0.23523872934722634,0.040088526086511,0.07633049295146244,0.10667591173217292,0.4739887872758671,0.055190063771683485,0.10638297872340426,True,False,0.3186896039905236,0
0.038160126424678906,0.04750625229515021,0.29437809650056496,0.02168594225039238,0.010843542644819987,0.43251266431067414,0.15491337557371937,0.48936170212765956,True,False,0.25361277085970824,1
0.23273376230010406,0.07301051694980012,0.1545381539741175,0.02939269221983507,0.2009076390347246,0.08605469952855635,0.22336253599286224,0.46808510638297873,True,False,0.6116464193899924,1
0.10098408538202605,0.08507154728044611,0.11423783277072466,0.05180539376003002,0.05756915237252361,0.4504425985150515,0.1398893899191982,0.5106382978723404,True,False,0.5940494655668112,1
0.1280364018606189,0.010026415734686695,0.2560088294635321,0.028057358594557474,0.18456094836279674,0.21292943937433775,0.18038060660947028,0.3617021276595745,False,True,0.01460899710888285,1
0.0915200057938967,0.19014968594008916,0.10037820842694883,0.4078157924671531,0.07563882873266954,0.07116434189604758,0.0633331367431951,0.2978723404255319,True,False,0.5574049643141872,0
0.13376583845512824,0.11837559367071848,0.17965598388043083,0.23653551144263754,0.18450021527323007,0.0020841388440835445,0.1450827184337714,0.6382978723404256,True,False,0.8797524022943436,0
0.009625516323903394,0.05011123957558376,0.4341911627763262,0.05644304513023666,0.0475418712413104,0.02834729693982642,0.37373986801281295,0.2553191489361702,False,True,0.35657132595081914,1
